repeat,subject,model,channel,MAE,RMSE,R2
0,NV044,timestamp_lstm,L Hip Sag,2.99617075920105,3.821997880935669,0.9003661870956421
0,NV044,timestamp_lstm,L Hip Fro,3.3793179988861084,3.632018804550171,0.07580792903900146
0,NV044,timestamp_lstm,L Hip Tra,2.134298324584961,2.743623733520508,-0.9708751440048218
0,NV044,timestamp_lstm,L Knee Sag,7.109374523162842,8.098764419555664,0.7433040142059326
0,NV044,timestamp_lstm,L Knee Fro,2.2646279335021973,2.918041706085205,0.8522489070892334
0,NV044,timestamp_lstm,L Knee Tra,4.476134300231934,5.5814056396484375,0.21856147050857544
0,NV044,timestamp_lstm,L Ankle Sag,1.9494622945785522,2.61570405960083,0.8560202717781067
0,NV044,timestamp_lstm,L Ankle Fro,1.0254555940628052,1.0680160522460938,-2.6396217346191406
0,NV044,timestamp_lstm,L Ankle Tra,8.460094451904297,8.632925987243652,-7.462535858154297
0,NV044,timestamp_lstm,R Hip Sag,3.135686159133911,3.5194602012634277,0.9093085527420044
0,NV044,timestamp_lstm,R Hip Fro,2.9579241275787354,3.461439847946167,0.10007315874099731
0,NV044,timestamp_lstm,R Hip Tra,4.100058555603027,4.5698723793029785,-4.63049840927124
0,NV044,timestamp_lstm,R Knee Sag,4.964998245239258,6.3016228675842285,0.8781542181968689
0,NV044,timestamp_lstm,R Knee Fro,2.7891154289245605,3.16271710395813,0.5245495438575745
0,NV044,timestamp_lstm,R Knee Tra,5.609788417816162,6.5574822425842285,-0.3569056987762451
0,NV044,timestamp_lstm,R Ankle Sag,1.8398689031600952,2.2790334224700928,0.895709216594696
0,NV044,timestamp_lstm,R Ankle Fro,0.8656209111213684,0.9567822217941284,-1.4093725681304932
0,NV044,timestamp_lstm,R Ankle Tra,4.568740367889404,5.079267978668213,-1.0938572883605957
0,NV045,timestamp_lstm,L Hip Sag,3.2268264293670654,3.7970094680786133,0.9368464946746826
0,NV045,timestamp_lstm,L Hip Fro,1.597293496131897,1.9156546592712402,0.7785905003547668
0,NV045,timestamp_lstm,L Hip Tra,5.054817199707031,6.438774108886719,-0.045009613037109375
0,NV045,timestamp_lstm,L Knee Sag,4.274686336517334,4.947696208953857,0.9320533871650696
0,NV045,timestamp_lstm,L Knee Fro,2.4209580421447754,2.947711706161499,-0.18741369247436523
0,NV045,timestamp_lstm,L Knee Tra,5.72467041015625,7.057431221008301,0.29525119066238403
0,NV045,timestamp_lstm,L Ankle Sag,2.7452526092529297,3.3424105644226074,0.8027657270431519
0,NV045,timestamp_lstm,L Ankle Fro,0.6627302765846252,0.8181630969047546,0.6906712651252747
0,NV045,timestamp_lstm,L Ankle Tra,3.3370893001556396,4.152637004852295,0.6551975011825562
0,NV045,timestamp_lstm,R Hip Sag,6.479188919067383,7.57199764251709,0.8170280456542969
0,NV045,timestamp_lstm,R Hip Fro,2.6814637184143066,3.1006858348846436,0.10558480024337769
0,NV045,timestamp_lstm,R Hip Tra,3.975930690765381,4.766469478607178,-0.3138883113861084
0,NV045,timestamp_lstm,R Knee Sag,6.067577838897705,7.2545013427734375,0.8416169881820679
0,NV045,timestamp_lstm,R Knee Fro,1.4122964143753052,1.7646796703338623,0.7538019418716431
0,NV045,timestamp_lstm,R Knee Tra,3.700239896774292,4.683732032775879,0.23036932945251465
0,NV045,timestamp_lstm,R Ankle Sag,2.7826900482177734,3.171971082687378,0.8037946224212646
0,NV045,timestamp_lstm,R Ankle Fro,0.5429017543792725,0.7041791677474976,0.6711533069610596
0,NV045,timestamp_lstm,R Ankle Tra,2.2670092582702637,2.9741294384002686,0.7346417903900146
0,NV044,pv_lstm,L Hip Sag,3.530381202697754,4.27775239944458,0.8751877546310425
0,NV044,pv_lstm,L Hip Fro,3.244584560394287,3.479883909225464,0.1516098976135254
0,NV044,pv_lstm,L Hip Tra,2.767953634262085,3.2691047191619873,-1.798128604888916
0,NV044,pv_lstm,L Knee Sag,9.066137313842773,10.976375579833984,0.5284806489944458
0,NV044,pv_lstm,L Knee Fro,2.8105952739715576,3.2307071685791016,0.8188897371292114
0,NV044,pv_lstm,L Knee Tra,6.775692939758301,8.506028175354004,-0.8149358034133911
0,NV044,pv_lstm,L Ankle Sag,2.007838487625122,2.7470786571502686,0.8411941528320312
0,NV044,pv_lstm,L Ankle Fro,1.0198463201522827,1.0597091913223267,-2.5832247734069824
0,NV044,pv_lstm,L Ankle Tra,7.278371810913086,7.476339817047119,-5.3469133377075195
0,NV044,pv_lstm,R Hip Sag,3.536268949508667,4.303803443908691,0.8643814325332642
0,NV044,pv_lstm,R Hip Fro,3.391627311706543,3.7796902656555176,-0.07301557064056396
0,NV044,pv_lstm,R Hip Tra,5.867722988128662,6.353294372558594,-9.882699966430664
0,NV044,pv_lstm,R Knee Sag,8.1156587600708,9.23247241973877,0.7384577989578247
0,NV044,pv_lstm,R Knee Fro,2.582758903503418,2.9245493412017822,0.5934607982635498
0,NV044,pv_lstm,R Knee Tra,5.197139739990234,5.944166660308838,-0.11495518684387207
0,NV044,pv_lstm,R Ankle Sag,2.27463960647583,3.1751017570495605,0.7975770235061646
0,NV044,pv_lstm,R Ankle Fro,0.886469304561615,0.9538388252258301,-1.39457106590271
0,NV044,pv_lstm,R Ankle Tra,4.837010860443115,5.212052822113037,-1.2047653198242188
0,NV045,pv_lstm,L Hip Sag,2.898106098175049,3.7832014560699463,0.9373049736022949
0,NV045,pv_lstm,L Hip Fro,1.5179449319839478,1.8259716033935547,0.7988361716270447
0,NV045,pv_lstm,L Hip Tra,5.208408832550049,6.606444835662842,-0.1001439094543457
0,NV045,pv_lstm,L Knee Sag,5.164697170257568,6.414484024047852,0.885794997215271
0,NV045,pv_lstm,L Knee Fro,2.1847331523895264,2.664656162261963,0.029681384563446045
0,NV045,pv_lstm,L Knee Tra,5.64270544052124,6.852541923522949,0.3355773687362671
0,NV045,pv_lstm,L Ankle Sag,2.925285577774048,3.554802417755127,0.776902973651886
0,NV045,pv_lstm,L Ankle Fro,0.7517818212509155,0.936705470085144,0.5945413112640381
0,NV045,pv_lstm,L Ankle Tra,3.4663171768188477,4.362334251403809,0.6194950342178345
0,NV045,pv_lstm,R Hip Sag,6.614115238189697,7.553152084350586,0.8179376721382141
0,NV045,pv_lstm,R Hip Fro,2.1694905757904053,2.4804787635803223,0.42760658264160156
0,NV045,pv_lstm,R Hip Tra,3.5288310050964355,4.327579498291016,-0.08306586742401123
0,NV045,pv_lstm,R Knee Sag,6.973401069641113,8.139932632446289,0.8005954623222351
0,NV045,pv_lstm,R Knee Fro,1.8153924942016602,2.127647876739502,0.6421076059341431
0,NV045,pv_lstm,R Knee Tra,3.778762102127075,4.636679172515869,0.24575507640838623
0,NV045,pv_lstm,R Ankle Sag,2.688884735107422,3.277155637741089,0.7905663251876831
0,NV045,pv_lstm,R Ankle Fro,0.6696604490280151,0.8354027271270752,0.5371726751327515
0,NV045,pv_lstm,R Ankle Tra,2.657214641571045,3.368708372116089,0.6595607399940491
0,NV044,timestamp_cnn,L Hip Sag,4.46638298034668,5.874528884887695,0.7646187543869019
0,NV044,timestamp_cnn,L Hip Fro,3.91556715965271,4.084452152252197,-0.16878259181976318
0,NV044,timestamp_cnn,L Hip Tra,3.551891565322876,4.253588676452637,-3.737192153930664
0,NV044,timestamp_cnn,L Knee Sag,10.48544692993164,12.995716094970703,0.33902961015701294
0,NV044,timestamp_cnn,L Knee Fro,3.6898696422576904,4.294166088104248,0.6800328493118286
0,NV044,timestamp_cnn,L Knee Tra,9.524288177490234,11.491832733154297,-2.3127315044403076
0,NV044,timestamp_cnn,L Ankle Sag,1.3442530632019043,1.6990007162094116,0.939254879951477
0,NV044,timestamp_cnn,L Ankle Fro,1.2935898303985596,1.3480002880096436,-4.798032283782959
0,NV044,timestamp_cnn,L Ankle Tra,7.50352144241333,7.846896171569824,-5.991659641265869
0,NV044,timestamp_cnn,R Hip Sag,3.8115015029907227,4.61432409286499,0.84410560131073
0,NV044,timestamp_cnn,R Hip Fro,4.543318271636963,4.822362899780273,-0.7466800212860107
0,NV044,timestamp_cnn,R Hip Tra,6.167402267456055,6.968062877655029,-12.090697288513184
0,NV044,timestamp_cnn,R Knee Sag,8.067010879516602,9.590617179870605,0.7177728414535522
0,NV044,timestamp_cnn,R Knee Fro,4.330175876617432,4.560397148132324,0.01147007942199707
0,NV044,timestamp_cnn,R Knee Tra,4.890748977661133,5.497099876403809,0.04645180702209473
0,NV044,timestamp_cnn,R Ankle Sag,2.4753828048706055,3.543846368789673,0.7478294968605042
0,NV044,timestamp_cnn,R Ankle Fro,0.6653348207473755,0.7436219453811646,-0.45539939403533936
0,NV044,timestamp_cnn,R Ankle Tra,3.222559690475464,3.64898943901062,-0.08066236972808838
0,NV045,timestamp_cnn,L Hip Sag,3.8660552501678467,4.5977253913879395,0.9074022769927979
0,NV045,timestamp_cnn,L Hip Fro,2.490907669067383,2.871450901031494,0.5025326013565063
0,NV045,timestamp_cnn,L Hip Tra,5.047466278076172,6.265765190124512,0.010394394397735596
0,NV045,timestamp_cnn,L Knee Sag,6.422144889831543,7.579691410064697,0.8405352234840393
0,NV045,timestamp_cnn,L Knee Fro,2.0880792140960693,2.521450996398926,0.1311734914779663
0,NV045,timestamp_cnn,L Knee Tra,6.909770488739014,8.228803634643555,0.041892051696777344
0,NV045,timestamp_cnn,L Ankle Sag,2.742685556411743,3.444075584411621,0.7905848026275635
0,NV045,timestamp_cnn,L Ankle Fro,1.068610429763794,1.3209009170532227,0.19372916221618652
0,NV045,timestamp_cnn,L Ankle Tra,5.104622840881348,6.5808000564575195,0.13407593965530396
0,NV045,timestamp_cnn,R Hip Sag,8.814920425415039,10.24179744720459,0.6652535796165466
0,NV045,timestamp_cnn,R Hip Fro,3.293820858001709,3.6702284812927246,-0.2531696557998657
0,NV045,timestamp_cnn,R Hip Tra,3.7858831882476807,4.801273345947266,-0.3331458568572998
0,NV045,timestamp_cnn,R Knee Sag,7.953352451324463,9.299071311950684,0.7397608757019043
0,NV045,timestamp_cnn,R Knee Fro,2.1130778789520264,2.5623762607574463,0.4809147119522095
0,NV045,timestamp_cnn,R Knee Tra,4.650773525238037,5.462325096130371,-0.046775102615356445
0,NV045,timestamp_cnn,R Ankle Sag,3.20764422416687,3.6917288303375244,0.7342262268066406
0,NV045,timestamp_cnn,R Ankle Fro,0.7469207644462585,0.9438745379447937,0.4091792106628418
0,NV045,timestamp_cnn,R Ankle Tra,3.039755344390869,4.057895183563232,0.5060142278671265
0,NV044,pv_cnn,L Hip Sag,4.311395168304443,5.484949111938477,0.7948029637336731
0,NV044,pv_cnn,L Hip Fro,3.868846893310547,4.089275360107422,-0.17154443264007568
0,NV044,pv_cnn,L Hip Tra,3.7539029121398926,4.263582229614258,-3.7594785690307617
0,NV044,pv_cnn,L Knee Sag,5.736169338226318,6.973729133605957,0.8096680641174316
0,NV044,pv_cnn,L Knee Fro,4.565268039703369,5.325970649719238,0.5077958106994629
0,NV044,pv_cnn,L Knee Tra,7.596729755401611,8.922221183776855,-0.9968875646591187
0,NV044,pv_cnn,L Ankle Sag,2.0737180709838867,2.7397124767303467,0.8420447111129761
0,NV044,pv_cnn,L Ankle Fro,1.2406286001205444,1.2953802347183228,-4.3542070388793945
0,NV044,pv_cnn,L Ankle Tra,8.573001861572266,8.808445930480957,-7.810145378112793
0,NV044,pv_cnn,R Hip Sag,3.8692402839660645,4.602874755859375,0.8448783159255981
0,NV044,pv_cnn,R Hip Fro,4.547244548797607,4.8392839431762695,-0.7589592933654785
0,NV044,pv_cnn,R Hip Tra,6.380064487457275,7.102445125579834,-12.60048770904541
0,NV044,pv_cnn,R Knee Sag,6.131985664367676,7.744086265563965,0.8159880638122559
0,NV044,pv_cnn,R Knee Fro,4.793215751647949,5.081676959991455,-0.22743523120880127
0,NV044,pv_cnn,R Knee Tra,4.653292655944824,5.48457670211792,0.05079144239425659
0,NV044,pv_cnn,R Ankle Sag,2.967223882675171,4.46139669418335,0.600344181060791
0,NV044,pv_cnn,R Ankle Fro,0.9188501834869385,0.999861478805542,-1.6312215328216553
0,NV044,pv_cnn,R Ankle Tra,4.956952095031738,5.477444648742676,-1.4350101947784424
0,NV045,pv_cnn,L Hip Sag,3.0123517513275146,3.5306689739227295,0.9453955292701721
0,NV045,pv_cnn,L Hip Fro,2.616941213607788,2.9962968826293945,0.4583340287208557
0,NV045,pv_cnn,L Hip Tra,6.591860294342041,8.104254722595215,-0.6555414199829102
0,NV045,pv_cnn,L Knee Sag,4.6094136238098145,5.697224140167236,0.9099075794219971
0,NV045,pv_cnn,L Knee Fro,2.127462863922119,2.56264328956604,0.10255402326583862
0,NV045,pv_cnn,L Knee Tra,6.938760280609131,8.282445907592773,0.029359817504882812
0,NV045,pv_cnn,L Ankle Sag,2.6531851291656494,3.5204310417175293,0.7811963558197021
0,NV045,pv_cnn,L Ankle Fro,1.1688960790634155,1.4033088684082031,0.08998829126358032
0,NV045,pv_cnn,L Ankle Tra,5.231801986694336,6.227596282958984,0.22453296184539795
0,NV045,pv_cnn,R Hip Sag,7.677744388580322,9.006057739257812,0.7411590218544006
0,NV045,pv_cnn,R Hip Fro,1.9923197031021118,2.4327962398529053,0.4494013786315918
0,NV045,pv_cnn,R Hip Tra,3.5838794708251953,4.463490962982178,-0.15216350555419922
0,NV045,pv_cnn,R Knee Sag,7.609804630279541,8.676111221313477,0.7734606266021729
0,NV045,pv_cnn,R Knee Fro,1.3006584644317627,1.64918851852417,0.7849727272987366
0,NV045,pv_cnn,R Knee Tra,3.833829164505005,4.59237003326416,0.2601017355918884
0,NV045,pv_cnn,R Ankle Sag,2.3429763317108154,2.8839895725250244,0.8378040790557861
0,NV045,pv_cnn,R Ankle Fro,1.0622575283050537,1.2084832191467285,0.03148043155670166
0,NV045,pv_cnn,R Ankle Tra,4.290696144104004,4.979538440704346,0.25614047050476074
1,NV041,timestamp_lstm,L Hip Sag,2.143026828765869,2.7450201511383057,0.9727466702461243
1,NV041,timestamp_lstm,L Hip Fro,1.5287400484085083,1.8522989749908447,0.8914632797241211
1,NV041,timestamp_lstm,L Hip Tra,5.189526081085205,6.439192771911621,0.6010429859161377
1,NV041,timestamp_lstm,L Knee Sag,3.997976779937744,5.087117671966553,0.919154942035675
1,NV041,timestamp_lstm,L Knee Fro,2.747825860977173,3.223565101623535,0.8138574957847595
1,NV041,timestamp_lstm,L Knee Tra,4.316154956817627,5.5917840003967285,0.5388422608375549
1,NV041,timestamp_lstm,L Ankle Sag,2.6965835094451904,3.340747594833374,0.8697212934494019
1,NV041,timestamp_lstm,L Ankle Fro,0.8450678586959839,0.9983220100402832,0.29799729585647583
1,NV041,timestamp_lstm,L Ankle Tra,4.2837443351745605,4.9137349128723145,0.16939717531204224
1,NV041,timestamp_lstm,R Hip Sag,3.405505895614624,4.0711588859558105,0.933054506778717
1,NV041,timestamp_lstm,R Hip Fro,2.0337722301483154,2.4876227378845215,0.7717961072921753
1,NV041,timestamp_lstm,R Hip Tra,3.524958372116089,5.077671051025391,0.594608724117279
1,NV041,timestamp_lstm,R Knee Sag,5.057590484619141,6.071115016937256,0.8799120187759399
1,NV041,timestamp_lstm,R Knee Fro,3.1823322772979736,4.238380432128906,0.6226425170898438
1,NV041,timestamp_lstm,R Knee Tra,5.770392894744873,7.080686569213867,-0.8654075860977173
1,NV041,timestamp_lstm,R Ankle Sag,4.017612934112549,4.758374214172363,0.6934316754341125
1,NV041,timestamp_lstm,R Ankle Fro,1.0830044746398926,1.4522418975830078,0.45492392778396606
1,NV041,timestamp_lstm,R Ankle Tra,3.4110939502716064,4.5111403465271,0.6438379287719727
1,NV046,timestamp_lstm,L Hip Sag,2.2475922107696533,2.8775291442871094,0.9605947136878967
1,NV046,timestamp_lstm,L Hip Fro,1.6987417936325073,2.019951820373535,0.6921839714050293
1,NV046,timestamp_lstm,L Hip Tra,2.728815793991089,3.315478563308716,-0.42300236225128174
1,NV046,timestamp_lstm,L Knee Sag,4.021755695343018,5.155167579650879,0.9344323873519897
1,NV046,timestamp_lstm,L Knee Fro,1.1551388502120972,1.3690301179885864,0.7048571109771729
1,NV046,timestamp_lstm,L Knee Tra,4.106290340423584,4.969015121459961,0.5035855770111084
1,NV046,timestamp_lstm,L Ankle Sag,1.978121280670166,2.4940450191497803,0.9112573862075806
1,NV046,timestamp_lstm,L Ankle Fro,0.6768898963928223,0.7428118586540222,-0.05903279781341553
1,NV046,timestamp_lstm,L Ankle Tra,2.801844835281372,3.9636881351470947,-0.01284480094909668
1,NV046,timestamp_lstm,R Hip Sag,3.0686936378479004,3.5218734741210938,0.933562695980072
1,NV046,timestamp_lstm,R Hip Fro,2.5766868591308594,2.7668673992156982,0.4395354986190796
1,NV046,timestamp_lstm,R Hip Tra,1.946843147277832,2.5119428634643555,-0.019235968589782715
1,NV046,timestamp_lstm,R Knee Sag,3.626420259475708,4.530811309814453,0.9376288652420044
1,NV046,timestamp_lstm,R Knee Fro,1.1444722414016724,1.373536467552185,0.8344218134880066
1,NV046,timestamp_lstm,R Knee Tra,2.5826332569122314,3.218529462814331,0.4452696442604065
1,NV046,timestamp_lstm,R Ankle Sag,1.6615631580352783,2.022897243499756,0.9354591965675354
1,NV046,timestamp_lstm,R Ankle Fro,0.2324703484773636,0.3066248893737793,0.37161940336227417
1,NV046,timestamp_lstm,R Ankle Tra,2.049682140350342,2.415384531021118,0.4963473081588745
1,NV041,pv_lstm,L Hip Sag,2.924673557281494,3.622828722000122,0.9525295495986938
1,NV041,pv_lstm,L Hip Fro,1.6067285537719727,2.0045368671417236,0.8728891611099243
1,NV041,pv_lstm,L Hip Tra,5.375481128692627,6.8203959465026855,0.5524078607559204
1,NV041,pv_lstm,L Knee Sag,3.449622869491577,4.961211681365967,0.9231072068214417
1,NV041,pv_lstm,L Knee Fro,3.008805751800537,3.616443157196045,0.7657196521759033
1,NV041,pv_lstm,L Knee Tra,4.585168361663818,5.500565528869629,0.5537651777267456
1,NV041,pv_lstm,L Ankle Sag,2.675011396408081,3.462825059890747,0.8600261211395264
1,NV041,pv_lstm,L Ankle Fro,1.0532796382904053,1.276038408279419,-0.14689838886260986
1,NV041,pv_lstm,L Ankle Tra,4.912315368652344,5.856573104858398,-0.1799323558807373
1,NV041,pv_lstm,R Hip Sag,2.8981547355651855,3.485847234725952,0.9509202837944031
1,NV041,pv_lstm,R Hip Fro,2.0949790477752686,2.4678304195404053,0.7754130363464355
1,NV041,pv_lstm,R Hip Tra,4.357663631439209,5.4067511558532715,0.5403598546981812
1,NV041,pv_lstm,R Knee Sag,7.058826923370361,8.44268798828125,0.7677669525146484
1,NV041,pv_lstm,R Knee Fro,3.651988983154297,4.885911464691162,0.4985308051109314
1,NV041,pv_lstm,R Knee Tra,3.776831865310669,4.75828742980957,0.1575884222984314
1,NV041,pv_lstm,R Ankle Sag,3.7257347106933594,4.562088489532471,0.7182022333145142
1,NV041,pv_lstm,R Ankle Fro,1.0110780000686646,1.3612496852874756,0.5210890769958496
1,NV041,pv_lstm,R Ankle Tra,3.243635892868042,4.191135883331299,0.6925755143165588
1,NV046,pv_lstm,L Hip Sag,3.5074446201324463,4.542355060577393,0.9018077254295349
1,NV046,pv_lstm,L Hip Fro,1.7635453939437866,2.1832354068756104,0.6404076218605042
1,NV046,pv_lstm,L Hip Tra,3.1969707012176514,3.9411544799804688,-1.0107593536376953
1,NV046,pv_lstm,L Knee Sag,5.516453742980957,6.50524377822876,0.8955926895141602
1,NV046,pv_lstm,L Knee Fro,1.2322462797164917,1.536868929862976,0.6280539035797119
1,NV046,pv_lstm,L Knee Tra,4.366187572479248,5.163805961608887,0.4639027714729309
1,NV046,pv_lstm,L Ankle Sag,2.0303540229797363,2.394899845123291,0.9181726574897766
1,NV046,pv_lstm,L Ankle Fro,0.4619807302951813,0.5686628222465515,0.3793290853500366
1,NV046,pv_lstm,L Ankle Tra,3.080955743789673,3.6516025066375732,0.14037132263183594
1,NV046,pv_lstm,R Hip Sag,4.1963090896606445,4.935630798339844,0.8695182204246521
1,NV046,pv_lstm,R Hip Fro,2.1866776943206787,2.469069719314575,0.5536885261535645
1,NV046,pv_lstm,R Hip Tra,2.253239393234253,2.825122594833374,-0.28922832012176514
1,NV046,pv_lstm,R Knee Sag,4.046487808227539,5.072447299957275,0.9218252301216125
1,NV046,pv_lstm,R Knee Fro,1.5351077318191528,1.7302922010421753,0.7372385263442993
1,NV046,pv_lstm,R Knee Tra,3.4958364963531494,4.342811584472656,-0.009971022605895996
1,NV046,pv_lstm,R Ankle Sag,1.684967279434204,2.0856945514678955,0.9313899278640747
1,NV046,pv_lstm,R Ankle Fro,0.28705254197120667,0.3973936438560486,-0.05547940731048584
1,NV046,pv_lstm,R Ankle Tra,2.1986687183380127,2.71673583984375,0.3628327250480652
1,NV041,timestamp_cnn,L Hip Sag,3.468144178390503,4.529641628265381,0.9257911443710327
1,NV041,timestamp_cnn,L Hip Fro,1.8511501550674438,2.342850685119629,0.8263623714447021
1,NV041,timestamp_cnn,L Hip Tra,8.766079902648926,10.251657485961914,-0.01123356819152832
1,NV041,timestamp_cnn,L Knee Sag,4.269540309906006,5.076119899749756,0.9195041060447693
1,NV041,timestamp_cnn,L Knee Fro,3.8930139541625977,4.4831461906433105,0.6399703025817871
1,NV041,timestamp_cnn,L Knee Tra,5.940135955810547,7.191989898681641,0.23713648319244385
1,NV041,timestamp_cnn,L Ankle Sag,3.1713030338287354,4.368235111236572,0.7772601246833801
1,NV041,timestamp_cnn,L Ankle Fro,1.2813833951950073,1.5980722904205322,-0.7988307476043701
1,NV041,timestamp_cnn,L Ankle Tra,6.311028003692627,7.921358585357666,-1.158585786819458
1,NV041,timestamp_cnn,R Hip Sag,3.3770251274108887,4.140594482421875,0.9307514429092407
1,NV041,timestamp_cnn,R Hip Fro,2.976813554763794,3.413698434829712,0.5702614784240723
1,NV041,timestamp_cnn,R Hip Tra,4.61234712600708,5.365781307220459,0.5472992658615112
1,NV041,timestamp_cnn,R Knee Sag,6.018689155578613,7.82600212097168,0.8004542589187622
1,NV041,timestamp_cnn,R Knee Fro,4.004701614379883,5.203510761260986,0.43121784925460815
1,NV041,timestamp_cnn,R Knee Tra,3.7471930980682373,4.574785232543945,0.2213103175163269
1,NV041,timestamp_cnn,R Ankle Sag,5.035216808319092,6.415927410125732,0.442648708820343
1,NV041,timestamp_cnn,R Ankle Fro,1.1659512519836426,1.5725289583206177,0.3608887791633606
1,NV041,timestamp_cnn,R Ankle Tra,3.731668710708618,4.590298175811768,0.6312289237976074
1,NV046,timestamp_cnn,L Hip Sag,4.302835941314697,5.128600120544434,0.8748263716697693
1,NV046,timestamp_cnn,L Hip Fro,1.8171700239181519,2.487927198410034,0.5330346822738647
1,NV046,timestamp_cnn,L Hip Tra,6.474349498748779,7.091251373291016,-5.509669303894043
1,NV046,timestamp_cnn,L Knee Sag,6.578873634338379,7.802984237670898,0.8497809171676636
1,NV046,timestamp_cnn,L Knee Fro,2.1539101600646973,2.605682611465454,-0.0691763162612915
1,NV046,timestamp_cnn,L Knee Tra,4.484903812408447,5.011309623718262,0.49509894847869873
1,NV046,timestamp_cnn,L Ankle Sag,3.176685094833374,3.7383980751037598,0.8006139993667603
1,NV046,timestamp_cnn,L Ankle Fro,0.6561266183853149,0.7796673774719238,-0.16673028469085693
1,NV046,timestamp_cnn,L Ankle Tra,3.4234519004821777,4.144793510437012,-0.10751521587371826
1,NV046,timestamp_cnn,R Hip Sag,2.1852879524230957,2.913891553878784,0.9545209407806396
1,NV046,timestamp_cnn,R Hip Fro,3.535707473754883,3.7308578491210938,-0.019034385681152344
1,NV046,timestamp_cnn,R Hip Tra,1.7960087060928345,2.453202962875366,0.02787494659423828
1,NV046,timestamp_cnn,R Knee Sag,4.2933735847473145,4.9469499588012695,0.9256455898284912
1,NV046,timestamp_cnn,R Knee Fro,1.461186170578003,1.869171380996704,0.6933654546737671
1,NV046,timestamp_cnn,R Knee Tra,5.290169715881348,6.090066909790039,-0.9861457347869873
1,NV046,timestamp_cnn,R Ankle Sag,2.908830165863037,3.446962594985962,0.8126042485237122
1,NV046,timestamp_cnn,R Ankle Fro,0.3138054311275482,0.38092905282974243,0.03016883134841919
1,NV046,timestamp_cnn,R Ankle Tra,1.59032142162323,2.0219616889953613,0.647057056427002
1,NV041,pv_cnn,L Hip Sag,4.044971466064453,5.0174055099487305,0.9089486598968506
1,NV041,pv_cnn,L Hip Fro,1.9158209562301636,2.376142978668213,0.8213924765586853
1,NV041,pv_cnn,L Hip Tra,8.841382026672363,9.975347518920898,0.04254281520843506
1,NV041,pv_cnn,L Knee Sag,4.536167621612549,5.436408042907715,0.9076718688011169
1,NV041,pv_cnn,L Knee Fro,4.124671936035156,4.7775349617004395,0.5911346673965454
1,NV041,pv_cnn,L Knee Tra,6.089003562927246,7.260911464691162,0.22244518995285034
1,NV041,pv_cnn,L Ankle Sag,3.530611276626587,4.632359981536865,0.749509871006012
1,NV041,pv_cnn,L Ankle Fro,1.2797069549560547,1.5599284172058105,-0.7139841318130493
1,NV041,pv_cnn,L Ankle Tra,5.654844760894775,7.0400848388671875,-0.705005407333374
1,NV041,pv_cnn,R Hip Sag,3.4718096256256104,4.119568347930908,0.9314529895782471
1,NV041,pv_cnn,R Hip Fro,3.629465341567993,4.1419172286987305,0.3673597574234009
1,NV041,pv_cnn,R Hip Tra,4.644423961639404,5.801976680755615,0.4707057476043701
1,NV041,pv_cnn,R Knee Sag,5.26253080368042,6.438011169433594,0.8649588823318481
1,NV041,pv_cnn,R Knee Fro,4.880556106567383,5.925312042236328,0.2624770402908325
1,NV041,pv_cnn,R Knee Tra,3.582193613052368,4.516928672790527,0.24088168144226074
1,NV041,pv_cnn,R Ankle Sag,5.162580490112305,6.691226482391357,0.39379215240478516
1,NV041,pv_cnn,R Ankle Fro,1.1679534912109375,1.6037262678146362,0.33527863025665283
1,NV041,pv_cnn,R Ankle Tra,4.026801109313965,5.086499214172363,0.547193169593811
1,NV046,pv_cnn,L Hip Sag,5.177025318145752,6.262380123138428,0.8133646249771118
1,NV046,pv_cnn,L Hip Fro,2.1463592052459717,2.8832404613494873,0.37285053730010986
1,NV046,pv_cnn,L Hip Tra,5.6709794998168945,6.139939308166504,-3.880241870880127
1,NV046,pv_cnn,L Knee Sag,6.627520561218262,8.106231689453125,0.8378780484199524
1,NV046,pv_cnn,L Knee Fro,2.477795124053955,2.934506893157959,-0.35605287551879883
1,NV046,pv_cnn,L Knee Tra,4.770417213439941,5.582782745361328,0.3733786344528198
1,NV046,pv_cnn,L Ankle Sag,3.244704246520996,3.9006576538085938,0.7829302549362183
1,NV046,pv_cnn,L Ankle Fro,0.6323875188827515,0.7440680265426636,-0.06261765956878662
1,NV046,pv_cnn,L Ankle Tra,3.5047032833099365,4.316979885101318,-0.2014451026916504
1,NV046,pv_cnn,R Hip Sag,2.0700864791870117,2.4966602325439453,0.9666125178337097
1,NV046,pv_cnn,R Hip Fro,4.0303497314453125,4.175414562225342,-0.2763526439666748
1,NV046,pv_cnn,R Hip Tra,1.8503048419952393,2.5581588745117188,-0.05708575248718262
1,NV046,pv_cnn,R Knee Sag,3.313053607940674,3.91247820854187,0.9534911513328552
1,NV046,pv_cnn,R Knee Fro,1.7464964389801025,2.2420592308044434,0.5588188171386719
1,NV046,pv_cnn,R Knee Tra,3.730379343032837,4.560972213745117,-0.1139911413192749
1,NV046,pv_cnn,R Ankle Sag,2.532907009124756,3.0613183975219727,0.8521900773048401
1,NV046,pv_cnn,R Ankle Fro,0.26059818267822266,0.3129320442676544,0.34550243616104126
1,NV046,pv_cnn,R Ankle Tra,2.028529405593872,2.4690282344818115,0.47372734546661377
2,NV039,timestamp_lstm,L Hip Sag,3.34831166267395,4.440776824951172,0.9081461429595947
2,NV039,timestamp_lstm,L Hip Fro,2.8491129875183105,3.396228075027466,0.13175541162490845
2,NV039,timestamp_lstm,L Hip Tra,5.29013729095459,5.9460930824279785,-0.16473305225372314
2,NV039,timestamp_lstm,L Knee Sag,3.5060176849365234,4.093439102172852,0.9587882161140442
2,NV039,timestamp_lstm,L Knee Fro,4.943014621734619,5.460334777832031,-8.52705192565918
2,NV039,timestamp_lstm,L Knee Tra,3.421114444732666,3.83335018157959,0.551347017288208
2,NV039,timestamp_lstm,L Ankle Sag,5.164365291595459,5.7451372146606445,0.448569118976593
2,NV039,timestamp_lstm,L Ankle Fro,2.03210186958313,2.3183095455169678,-2.925863265991211
2,NV039,timestamp_lstm,L Ankle Tra,4.749523162841797,5.861501693725586,-1.1452486515045166
2,NV039,timestamp_lstm,R Hip Sag,5.573794364929199,7.033900260925293,0.7663980722427368
2,NV039,timestamp_lstm,R Hip Fro,4.137302398681641,4.821008205413818,-1.3263611793518066
2,NV039,timestamp_lstm,R Hip Tra,3.858208656311035,5.101893424987793,0.25718164443969727
2,NV039,timestamp_lstm,R Knee Sag,5.365490436553955,6.4606709480285645,0.9193210601806641
2,NV039,timestamp_lstm,R Knee Fro,6.545576095581055,6.987260341644287,-7.495174407958984
2,NV039,timestamp_lstm,R Knee Tra,2.168813705444336,2.6867494583129883,0.8223267793655396
2,NV039,timestamp_lstm,R Ankle Sag,3.1552228927612305,3.964970588684082,0.7620439529418945
2,NV039,timestamp_lstm,R Ankle Fro,1.1329408884048462,1.316909909248352,-2.930687665939331
2,NV039,timestamp_lstm,R Ankle Tra,2.651566982269287,3.2699389457702637,0.31850624084472656
2,NV044,timestamp_lstm,L Hip Sag,4.20139217376709,5.132933616638184,0.8202962279319763
2,NV044,timestamp_lstm,L Hip Fro,2.7022132873535156,3.1166012287139893,0.31949931383132935
2,NV044,timestamp_lstm,L Hip Tra,3.0867273807525635,3.810053825378418,-2.8007755279541016
2,NV044,timestamp_lstm,L Knee Sag,6.433614730834961,7.287064552307129,0.7921802401542664
2,NV044,timestamp_lstm,L Knee Fro,2.8884382247924805,3.3342580795288086,0.8070937991142273
2,NV044,timestamp_lstm,L Knee Tra,6.506093502044678,8.066415786743164,-0.6321829557418823
2,NV044,timestamp_lstm,L Ankle Sag,1.3789994716644287,1.6567645072937012,0.9422375559806824
2,NV044,timestamp_lstm,L Ankle Fro,0.8824930191040039,0.9400781393051147,-1.8198668956756592
2,NV044,timestamp_lstm,L Ankle Tra,7.715449810028076,7.893544673919678,-6.0750346183776855
2,NV044,timestamp_lstm,R Hip Sag,2.4821598529815674,3.120182752609253,0.9287189245223999
2,NV044,timestamp_lstm,R Hip Fro,2.9507691860198975,3.318772315979004,0.1727275252342224
2,NV044,timestamp_lstm,R Hip Tra,3.7950916290283203,4.408687114715576,-4.240313529968262
2,NV044,timestamp_lstm,R Knee Sag,6.617710113525391,7.881848335266113,0.8093829154968262
2,NV044,timestamp_lstm,R Knee Fro,4.081706523895264,4.192809581756592,0.16440701484680176
2,NV044,timestamp_lstm,R Knee Tra,4.384274482727051,5.247227668762207,0.13116925954818726
2,NV044,timestamp_lstm,R Ankle Sag,2.8219783306121826,3.7954623699188232,0.710749626159668
2,NV044,timestamp_lstm,R Ankle Fro,0.98301762342453,1.0561721324920654,-1.9359395503997803
2,NV044,timestamp_lstm,R Ankle Tra,6.75716495513916,7.046701431274414,-3.0301060676574707
2,NV039,pv_lstm,L Hip Sag,2.797991991043091,3.353458881378174,0.9476199746131897
2,NV039,pv_lstm,L Hip Fro,2.7186408042907715,3.233381986618042,0.21302223205566406
2,NV039,pv_lstm,L Hip Tra,5.455615520477295,6.250061511993408,-0.28686070442199707
2,NV039,pv_lstm,L Knee Sag,2.8252739906311035,3.4251062870025635,0.9711468815803528
2,NV039,pv_lstm,L Knee Fro,4.432843208312988,4.845196723937988,-6.50140905380249
2,NV039,pv_lstm,L Knee Tra,3.4972336292266846,4.026146411895752,0.5050826668739319
2,NV039,pv_lstm,L Ankle Sag,5.699924945831299,6.555109977722168,0.2821226119995117
2,NV039,pv_lstm,L Ankle Fro,2.2940478324890137,2.491321325302124,-3.533689498901367
2,NV039,pv_lstm,L Ankle Tra,4.405908107757568,5.2536492347717285,-0.7233837842941284
2,NV039,pv_lstm,R Hip Sag,5.157137870788574,6.258412837982178,0.8150678277015686
2,NV039,pv_lstm,R Hip Fro,4.25827169418335,4.702266216278076,-1.2131755352020264
2,NV039,pv_lstm,R Hip Tra,4.25540018081665,5.495032787322998,0.13829141855239868
2,NV039,pv_lstm,R Knee Sag,5.74597692489624,6.763556957244873,0.9115790724754333
2,NV039,pv_lstm,R Knee Fro,8.119802474975586,8.842617988586426,-12.605676651000977
2,NV039,pv_lstm,R Knee Tra,4.868609428405762,5.633260250091553,0.2189347743988037
2,NV039,pv_lstm,R Ankle Sag,3.867098093032837,5.110333442687988,0.6047104597091675
2,NV039,pv_lstm,R Ankle Fro,0.9249699115753174,1.1318079233169556,-1.9033663272857666
2,NV039,pv_lstm,R Ankle Tra,3.416254997253418,4.025378227233887,-0.03275179862976074
2,NV044,pv_lstm,L Hip Sag,4.036362171173096,5.287909507751465,0.809281051158905
2,NV044,pv_lstm,L Hip Fro,3.2223660945892334,3.43255352973938,0.1745309829711914
2,NV044,pv_lstm,L Hip Tra,2.46386456489563,3.344578504562378,-1.9288208484649658
2,NV044,pv_lstm,L Knee Sag,7.319449424743652,8.558009147644043,0.7133663892745972
2,NV044,pv_lstm,L Knee Fro,2.7937042713165283,3.4001376628875732,0.7993954420089722
2,NV044,pv_lstm,L Knee Tra,6.47275972366333,8.089853286743164,-0.6416815519332886
2,NV044,pv_lstm,L Ankle Sag,1.89434015750885,2.1226966381073,0.9051799774169922
2,NV044,pv_lstm,L Ankle Fro,1.140674114227295,1.1796694993972778,-3.4403929710388184
2,NV044,pv_lstm,L Ankle Tra,9.449628829956055,9.604191780090332,-9.47384262084961
2,NV044,pv_lstm,R Hip Sag,3.6499805450439453,4.471222877502441,0.8536249995231628
2,NV044,pv_lstm,R Hip Fro,2.638174295425415,2.8774354457855225,0.3781224489212036
2,NV044,pv_lstm,R Hip Tra,6.212535381317139,6.736314296722412,-11.234421730041504
2,NV044,pv_lstm,R Knee Sag,6.143935680389404,7.26931619644165,0.837859034538269
2,NV044,pv_lstm,R Knee Fro,4.30933952331543,4.433579921722412,0.06568431854248047
2,NV044,pv_lstm,R Knee Tra,5.040304183959961,5.814621925354004,-0.06688666343688965
2,NV044,pv_lstm,R Ankle Sag,2.739485502243042,3.501241445541382,0.753856360912323
2,NV044,pv_lstm,R Ankle Fro,0.6698856949806213,0.7551265954971313,-0.5007808208465576
2,NV044,pv_lstm,R Ankle Tra,4.442468166351318,4.8336029052734375,-0.8962110280990601
2,NV039,timestamp_cnn,L Hip Sag,2.723068952560425,3.308690309524536,0.9490091800689697
2,NV039,timestamp_cnn,L Hip Fro,6.446819305419922,6.6927900314331055,-2.37180757522583
2,NV039,timestamp_cnn,L Hip Tra,6.533106803894043,7.533201217651367,-0.8694854974746704
2,NV039,timestamp_cnn,L Knee Sag,9.560806274414062,10.955635070800781,0.7047975063323975
2,NV039,timestamp_cnn,L Knee Fro,4.3695244789123535,4.538534164428711,-5.5818986892700195
2,NV039,timestamp_cnn,L Knee Tra,2.5797202587127686,3.4458961486816406,0.637458324432373
2,NV039,timestamp_cnn,L Ankle Sag,3.12214732170105,3.7547383308410645,0.7644681334495544
2,NV039,timestamp_cnn,L Ankle Fro,3.3314740657806396,3.477320671081543,-7.832462310791016
2,NV039,timestamp_cnn,L Ankle Tra,6.932891368865967,7.78478479385376,-2.7840170860290527
2,NV039,timestamp_cnn,R Hip Sag,3.659005641937256,4.710239410400391,0.895246148109436
2,NV039,timestamp_cnn,R Hip Fro,4.544536113739014,4.810498237609863,-1.3162293434143066
2,NV039,timestamp_cnn,R Hip Tra,3.8380069732666016,4.926684379577637,0.30732542276382446
2,NV039,timestamp_cnn,R Knee Sag,7.291415214538574,9.244091033935547,0.8348292112350464
2,NV039,timestamp_cnn,R Knee Fro,6.501819133758545,6.7735795974731445,-6.983529090881348
2,NV039,timestamp_cnn,R Knee Tra,4.1011481285095215,5.65901517868042,0.21177655458450317
2,NV039,timestamp_cnn,R Ankle Sag,2.828543186187744,3.7977607250213623,0.7816908359527588
2,NV039,timestamp_cnn,R Ankle Fro,1.6821166276931763,1.7590527534484863,-6.01316499710083
2,NV039,timestamp_cnn,R Ankle Tra,2.7757554054260254,3.5336623191833496,0.2041473388671875
2,NV044,timestamp_cnn,L Hip Sag,3.9338440895080566,5.026345252990723,0.8276820778846741
2,NV044,timestamp_cnn,L Hip Fro,3.6847190856933594,3.8757123947143555,-0.05237174034118652
2,NV044,timestamp_cnn,L Hip Tra,3.1229865550994873,3.6039650440216064,-2.400722026824951
2,NV044,timestamp_cnn,L Knee Sag,11.162100791931152,12.265283584594727,0.4112420082092285
2,NV044,timestamp_cnn,L Knee Fro,3.9518818855285645,4.838966369628906,0.5936942100524902
2,NV044,timestamp_cnn,L Knee Tra,7.636034965515137,9.080134391784668,-1.0681984424591064
2,NV044,timestamp_cnn,L Ankle Sag,2.350147247314453,2.9769835472106934,0.8135007619857788
2,NV044,timestamp_cnn,L Ankle Fro,1.5580668449401855,1.607135534286499,-7.241490364074707
2,NV044,timestamp_cnn,L Ankle Tra,10.576881408691406,10.774949073791504,-12.18302059173584
2,NV044,timestamp_cnn,R Hip Sag,4.426080226898193,5.624885559082031,0.7683449983596802
2,NV044,timestamp_cnn,R Hip Fro,3.862694263458252,4.184891223907471,-0.3154125213623047
2,NV044,timestamp_cnn,R Hip Tra,6.638156890869141,7.001126289367676,-12.215224266052246
2,NV044,timestamp_cnn,R Knee Sag,7.181023597717285,8.72826099395752,0.7662448883056641
2,NV044,timestamp_cnn,R Knee Fro,3.8086438179016113,4.105288505554199,0.19892728328704834
2,NV044,timestamp_cnn,R Knee Tra,5.422593593597412,7.2993574142456055,-0.681297779083252
2,NV044,timestamp_cnn,R Ankle Sag,3.6347687244415283,5.158657073974609,0.4656597375869751
2,NV044,timestamp_cnn,R Ankle Fro,0.6960555911064148,0.7985777854919434,-0.6784647703170776
2,NV044,timestamp_cnn,R Ankle Tra,4.779591083526611,5.339683532714844,-1.3140661716461182
2,NV039,pv_cnn,L Hip Sag,3.3891611099243164,4.71842098236084,0.8963013887405396
2,NV039,pv_cnn,L Hip Fro,6.084522247314453,6.388239860534668,-2.0719265937805176
2,NV039,pv_cnn,L Hip Tra,4.707583427429199,5.455324649810791,0.019598007202148438
2,NV039,pv_cnn,L Knee Sag,7.94130277633667,8.964811325073242,0.8023362159729004
2,NV039,pv_cnn,L Knee Fro,5.249866962432861,5.649320125579834,-9.197937965393066
2,NV039,pv_cnn,L Knee Tra,2.127408266067505,2.7509026527404785,0.7689510583877563
2,NV039,pv_cnn,L Ankle Sag,3.4745917320251465,4.349819660186768,0.6838939189910889
2,NV039,pv_cnn,L Ankle Fro,2.6686317920684814,2.889484167098999,-5.098639011383057
2,NV039,pv_cnn,L Ankle Tra,5.300673484802246,6.333285331726074,-1.5044825077056885
2,NV039,pv_cnn,R Hip Sag,7.197660446166992,7.880953788757324,0.7067475318908691
2,NV039,pv_cnn,R Hip Fro,7.304428577423096,7.544144153594971,-4.696674346923828
2,NV039,pv_cnn,R Hip Tra,4.740211009979248,5.651704788208008,0.08845371007919312
2,NV039,pv_cnn,R Knee Sag,8.14480209350586,9.687592506408691,0.8186002969741821
2,NV039,pv_cnn,R Knee Fro,7.653500556945801,7.917256832122803,-9.907065391540527
2,NV039,pv_cnn,R Knee Tra,4.610846042633057,6.034144878387451,0.10381209850311279
2,NV039,pv_cnn,R Ankle Sag,2.284695625305176,2.775402545928955,0.8834079504013062
2,NV039,pv_cnn,R Ankle Fro,1.5019688606262207,1.653921365737915,-5.199919700622559
2,NV039,pv_cnn,R Ankle Tra,3.4798569679260254,4.218262195587158,-0.13409578800201416
2,NV044,pv_cnn,L Hip Sag,5.39513635635376,6.2974748611450195,0.7295053005218506
2,NV044,pv_cnn,L Hip Fro,3.140221357345581,3.389760971069336,0.19498437643051147
2,NV044,pv_cnn,L Hip Tra,3.7895429134368896,4.286561965942383,-3.8109207153320312
2,NV044,pv_cnn,L Knee Sag,11.538115501403809,13.228625297546387,0.31512540578842163
2,NV044,pv_cnn,L Knee Fro,3.681739568710327,4.166048526763916,0.6988406181335449
2,NV044,pv_cnn,L Knee Tra,7.063687324523926,8.374908447265625,-0.7594131231307983
2,NV044,pv_cnn,L Ankle Sag,2.1195666790008545,2.611402988433838,0.856493353843689
2,NV044,pv_cnn,L Ankle Fro,1.4236228466033936,1.4754760265350342,-5.946484088897705
2,NV044,pv_cnn,L Ankle Tra,10.42071533203125,10.628817558288574,-11.827864646911621
2,NV044,pv_cnn,R Hip Sag,3.78497576713562,4.531732082366943,0.849636435508728
2,NV044,pv_cnn,R Hip Fro,4.139772415161133,4.51091194152832,-0.5283483266830444
2,NV044,pv_cnn,R Hip Tra,9.664824485778809,9.908228874206543,-25.468589782714844
2,NV044,pv_cnn,R Knee Sag,6.954326152801514,8.827972412109375,0.760873556137085
2,NV044,pv_cnn,R Knee Fro,2.7586143016815186,2.9802393913269043,0.5778305530548096
2,NV044,pv_cnn,R Knee Tra,6.936741352081299,8.79629898071289,-1.4416046142578125
2,NV044,pv_cnn,R Ankle Sag,2.9826440811157227,4.011964321136475,0.6768094301223755
2,NV044,pv_cnn,R Ankle Fro,0.40783563256263733,0.4907724857330322,0.3660745620727539
2,NV044,pv_cnn,R Ankle Tra,2.808734655380249,3.322819232940674,0.10389655828475952
3,NV036,timestamp_lstm,L Hip Sag,2.697593927383423,3.508396625518799,0.9478673934936523
3,NV036,timestamp_lstm,L Hip Fro,1.383722186088562,1.5830013751983643,0.8209182620048523
3,NV036,timestamp_lstm,L Hip Tra,6.955259323120117,7.187292098999023,-1.1707313060760498
3,NV036,timestamp_lstm,L Knee Sag,3.964090347290039,5.273008823394775,0.9173820614814758
3,NV036,timestamp_lstm,L Knee Fro,2.644373655319214,2.8798859119415283,0.8601085543632507
3,NV036,timestamp_lstm,L Knee Tra,3.8678104877471924,4.9993896484375,-0.604638934135437
3,NV036,timestamp_lstm,L Ankle Sag,3.723099708557129,4.083756923675537,0.6131371259689331
3,NV036,timestamp_lstm,L Ankle Fro,1.4147322177886963,1.5216307640075684,-9.829327583312988
3,NV036,timestamp_lstm,L Ankle Tra,8.581106185913086,9.144582748413086,-9.988134384155273
3,NV036,timestamp_lstm,R Hip Sag,2.7202889919281006,3.2004144191741943,0.9540836215019226
3,NV036,timestamp_lstm,R Hip Fro,4.7327094078063965,5.096632957458496,-0.6567925214767456
3,NV036,timestamp_lstm,R Hip Tra,4.250389099121094,4.775242805480957,0.25171369314193726
3,NV036,timestamp_lstm,R Knee Sag,4.729247093200684,5.887232303619385,0.9039435386657715
3,NV036,timestamp_lstm,R Knee Fro,2.5005271434783936,3.1381120681762695,0.817870557308197
3,NV036,timestamp_lstm,R Knee Tra,6.807344913482666,7.507161617279053,-2.2846124172210693
3,NV036,timestamp_lstm,R Ankle Sag,2.6676154136657715,3.826540946960449,0.7357841730117798
3,NV036,timestamp_lstm,R Ankle Fro,0.6924164891242981,0.8572776317596436,-0.9984934329986572
3,NV036,timestamp_lstm,R Ankle Tra,3.7420921325683594,4.33253288269043,-0.37281501293182373
3,NV041,timestamp_lstm,L Hip Sag,2.8007709980010986,3.75360107421875,0.9490405917167664
3,NV041,timestamp_lstm,L Hip Fro,1.7817134857177734,2.274798631668091,0.8363031148910522
3,NV041,timestamp_lstm,L Hip Tra,5.84938907623291,6.769430160522461,0.5590722560882568
3,NV041,timestamp_lstm,L Knee Sag,3.8493597507476807,5.444514751434326,0.9073963165283203
3,NV041,timestamp_lstm,L Knee Fro,2.793977737426758,3.524995803833008,0.7774181365966797
3,NV041,timestamp_lstm,L Knee Tra,6.137248992919922,7.076182842254639,0.2615063786506653
3,NV041,timestamp_lstm,L Ankle Sag,2.239501953125,2.779428005218506,0.9098227620124817
3,NV041,timestamp_lstm,L Ankle Fro,1.361146330833435,1.7580965757369995,-1.1771225929260254
3,NV041,timestamp_lstm,L Ankle Tra,7.142374038696289,8.791180610656738,-1.6586697101593018
3,NV041,timestamp_lstm,R Hip Sag,2.9946584701538086,3.694350481033325,0.9448733925819397
3,NV041,timestamp_lstm,R Hip Fro,2.124176502227783,2.5373458862304688,0.7625821828842163
3,NV041,timestamp_lstm,R Hip Tra,5.670494556427002,7.481026649475098,0.12003040313720703
3,NV041,timestamp_lstm,R Knee Sag,4.1814284324646,5.153200626373291,0.9134799242019653
3,NV041,timestamp_lstm,R Knee Fro,4.249756336212158,6.117097854614258,0.21396130323410034
3,NV041,timestamp_lstm,R Knee Tra,4.497883319854736,6.131558418273926,-0.39882922172546387
3,NV041,timestamp_lstm,R Ankle Sag,3.784867286682129,4.736321926116943,0.6962666511535645
3,NV041,timestamp_lstm,R Ankle Fro,0.9857576489448547,1.2983351945877075,0.5643348693847656
3,NV041,timestamp_lstm,R Ankle Tra,4.078802108764648,5.359776020050049,0.4972311854362488
3,NV036,pv_lstm,L Hip Sag,2.581111192703247,3.3359458446502686,0.9528664350509644
3,NV036,pv_lstm,L Hip Fro,0.9002753496170044,1.134218454360962,0.9080647230148315
3,NV036,pv_lstm,L Hip Tra,6.185152053833008,6.64544677734375,-0.8557686805725098
3,NV036,pv_lstm,L Knee Sag,4.074627876281738,4.688190937042236,0.9346917867660522
3,NV036,pv_lstm,L Knee Fro,1.9961804151535034,2.26690673828125,0.9133222103118896
3,NV036,pv_lstm,L Knee Tra,5.034796237945557,5.777741432189941,-1.1431849002838135
3,NV036,pv_lstm,L Ankle Sag,2.7469539642333984,3.3322410583496094,0.7424211502075195
3,NV036,pv_lstm,L Ankle Fro,1.1012073755264282,1.2065529823303223,-5.808879852294922
3,NV036,pv_lstm,L Ankle Tra,7.660944938659668,8.15499210357666,-7.738628387451172
3,NV036,pv_lstm,R Hip Sag,3.510422706604004,4.427587509155273,0.9121201038360596
3,NV036,pv_lstm,R Hip Fro,4.372610569000244,4.767725944519043,-0.44985294342041016
3,NV036,pv_lstm,R Hip Tra,2.902704954147339,3.498192071914673,0.5984272956848145
3,NV036,pv_lstm,R Knee Sag,5.887400150299072,7.757263660430908,0.8332286477088928
3,NV036,pv_lstm,R Knee Fro,1.085492491722107,1.3828327655792236,0.9646342992782593
3,NV036,pv_lstm,R Knee Tra,4.783175468444824,5.763641357421875,-0.9360942840576172
3,NV036,pv_lstm,R Ankle Sag,2.322726011276245,3.076409101486206,0.8292210102081299
3,NV036,pv_lstm,R Ankle Fro,1.1031653881072998,1.2223787307739258,-3.063229560852051
3,NV036,pv_lstm,R Ankle Tra,2.4483144283294678,3.039634943008423,0.32427316904067993
3,NV041,pv_lstm,L Hip Sag,3.0699760913848877,4.221447944641113,0.9355458617210388
3,NV041,pv_lstm,L Hip Fro,1.5326316356658936,1.911450982093811,0.8844204545021057
3,NV041,pv_lstm,L Hip Tra,5.35241174697876,6.535507678985596,0.5890188217163086
3,NV041,pv_lstm,L Knee Sag,4.035573482513428,4.7266082763671875,0.9302074313163757
3,NV041,pv_lstm,L Knee Fro,3.121840476989746,3.9830963611602783,0.7158064842224121
3,NV041,pv_lstm,L Knee Tra,5.104240894317627,6.216757774353027,0.4299978017807007
3,NV041,pv_lstm,L Ankle Sag,2.4725186824798584,3.1414668560028076,0.884800374507904
3,NV041,pv_lstm,L Ankle Fro,1.1938433647155762,1.4031805992126465,-0.38683438301086426
3,NV041,pv_lstm,L Ankle Tra,6.161834716796875,7.1141533851623535,-0.7410706281661987
3,NV041,pv_lstm,R Hip Sag,3.130272150039673,4.056571006774902,0.9335334300994873
3,NV041,pv_lstm,R Hip Fro,2.299126386642456,2.6580517292022705,0.7394561171531677
3,NV041,pv_lstm,R Hip Tra,4.189059734344482,5.787049293518066,0.4734257459640503
3,NV041,pv_lstm,R Knee Sag,5.164247512817383,6.267786979675293,0.8720055818557739
3,NV041,pv_lstm,R Knee Fro,3.6346819400787354,4.878259181976318,0.5001003742218018
3,NV041,pv_lstm,R Knee Tra,4.376644134521484,5.514077663421631,-0.13127636909484863
3,NV041,pv_lstm,R Ankle Sag,3.6072027683258057,4.458773136138916,0.7308211326599121
3,NV041,pv_lstm,R Ankle Fro,1.0688304901123047,1.3715134859085083,0.5138399600982666
3,NV041,pv_lstm,R Ankle Tra,4.165840148925781,5.3230485916137695,0.5040980577468872
3,NV036,timestamp_cnn,L Hip Sag,3.2666289806365967,3.9716999530792236,0.9331894516944885
3,NV036,timestamp_cnn,L Hip Fro,2.032928705215454,2.328171491622925,0.6126366257667542
3,NV036,timestamp_cnn,L Hip Tra,7.487058162689209,8.051254272460938,-1.7239713668823242
3,NV036,timestamp_cnn,L Knee Sag,5.380545139312744,6.26828670501709,0.8832504749298096
3,NV036,timestamp_cnn,L Knee Fro,3.3916943073272705,3.7535815238952637,0.7623530626296997
3,NV036,timestamp_cnn,L Knee Tra,4.205033779144287,5.070530414581299,-0.6506316661834717
3,NV036,timestamp_cnn,L Ankle Sag,3.531374454498291,4.019114971160889,0.6252875328063965
3,NV036,timestamp_cnn,L Ankle Fro,1.3067667484283447,1.3653051853179932,-7.718512535095215
3,NV036,timestamp_cnn,L Ankle Tra,8.200251579284668,8.461111068725586,-8.406996726989746
3,NV036,timestamp_cnn,R Hip Sag,3.7995970249176025,4.706695079803467,0.9006912708282471
3,NV036,timestamp_cnn,R Hip Fro,5.497145175933838,5.728400707244873,-1.0929951667785645
3,NV036,timestamp_cnn,R Hip Tra,4.125694274902344,4.622066020965576,0.2989497184753418
3,NV036,timestamp_cnn,R Knee Sag,5.37432861328125,7.064098834991455,0.8617013692855835
3,NV036,timestamp_cnn,R Knee Fro,2.896515130996704,4.125312328338623,0.6852563619613647
3,NV036,timestamp_cnn,R Knee Tra,7.676403522491455,9.05992603302002,-3.7838973999023438
3,NV036,timestamp_cnn,R Ankle Sag,2.979844093322754,4.1754150390625,0.685409665107727
3,NV036,timestamp_cnn,R Ankle Fro,1.8195072412490845,1.9009584188461304,-8.826639175415039
3,NV036,timestamp_cnn,R Ankle Tra,3.871025800704956,4.448634147644043,-0.44737708568573
3,NV041,timestamp_cnn,L Hip Sag,3.177264928817749,3.9019291400909424,0.9449335932731628
3,NV041,timestamp_cnn,L Hip Fro,2.019789218902588,2.5429623126983643,0.795433521270752
3,NV041,timestamp_cnn,L Hip Tra,8.18820571899414,8.940495491027832,0.23089361190795898
3,NV041,timestamp_cnn,L Knee Sag,5.024296283721924,6.369722366333008,0.8732491135597229
3,NV041,timestamp_cnn,L Knee Fro,3.6685712337493896,5.163384437561035,0.5224250555038452
3,NV041,timestamp_cnn,L Knee Tra,6.175870895385742,7.766279220581055,0.11044114828109741
3,NV041,timestamp_cnn,L Ankle Sag,2.8116323947906494,3.9239118099212646,0.8202683925628662
3,NV041,timestamp_cnn,L Ankle Fro,1.540223240852356,1.9627050161361694,-1.7133605480194092
3,NV041,timestamp_cnn,L Ankle Tra,8.698365211486816,10.410178184509277,-2.7280895709991455
3,NV041,timestamp_cnn,R Hip Sag,2.889911413192749,3.4386231899261475,0.952241063117981
3,NV041,timestamp_cnn,R Hip Fro,2.2296030521392822,2.637455701828003,0.7434781789779663
3,NV041,timestamp_cnn,R Hip Tra,5.939607620239258,6.947390079498291,0.2410929799079895
3,NV041,timestamp_cnn,R Knee Sag,6.875783920288086,8.072870254516602,0.7876664996147156
3,NV041,timestamp_cnn,R Knee Fro,3.9755568504333496,5.651136875152588,0.32915109395980835
3,NV041,timestamp_cnn,R Knee Tra,3.8423142433166504,4.676533222198486,0.18628740310668945
3,NV041,timestamp_cnn,R Ankle Sag,6.140357494354248,7.613377094268799,0.21518951654434204
3,NV041,timestamp_cnn,R Ankle Fro,1.1535214185714722,1.489567518234253,0.426544725894928
3,NV041,timestamp_cnn,R Ankle Tra,4.040841579437256,4.896255970001221,0.5804312229156494
3,NV036,pv_cnn,L Hip Sag,2.601149320602417,3.2247934341430664,0.9559550881385803
3,NV036,pv_cnn,L Hip Fro,2.1316018104553223,2.4507765769958496,0.5707640647888184
3,NV036,pv_cnn,L Hip Tra,7.560025691986084,8.076677322387695,-1.741201400756836
3,NV036,pv_cnn,L Knee Sag,4.707905292510986,5.484604358673096,0.9106184244155884
3,NV036,pv_cnn,L Knee Fro,2.305096387863159,2.9113407135009766,0.8570359945297241
3,NV036,pv_cnn,L Knee Tra,4.05248498916626,5.1187005043029785,-0.6821426153182983
3,NV036,pv_cnn,L Ankle Sag,3.546001672744751,4.089474678039551,0.6120529770851135
3,NV036,pv_cnn,L Ankle Fro,1.1942883729934692,1.3020880222320557,-6.9298248291015625
3,NV036,pv_cnn,L Ankle Tra,7.951486110687256,8.339030265808105,-8.13749885559082
3,NV036,pv_cnn,R Hip Sag,3.212069034576416,3.8749938011169434,0.9326872229576111
3,NV036,pv_cnn,R Hip Fro,6.350829601287842,6.561060905456543,-1.7456777095794678
3,NV036,pv_cnn,R Hip Tra,4.854696750640869,5.518129825592041,0.0007810592651367188
3,NV036,pv_cnn,R Knee Sag,5.805538177490234,7.982873439788818,0.8233869075775146
3,NV036,pv_cnn,R Knee Fro,1.513572335243225,1.9039440155029297,0.9329572916030884
3,NV036,pv_cnn,R Knee Tra,8.091662406921387,9.583009719848633,-4.352250576019287
3,NV036,pv_cnn,R Ankle Sag,2.3850326538085938,3.3977370262145996,0.7916825413703918
3,NV036,pv_cnn,R Ankle Fro,1.328684687614441,1.4439750909805298,-4.669949054718018
3,NV036,pv_cnn,R Ankle Tra,2.996446132659912,3.592895746231079,0.05590105056762695
3,NV041,pv_cnn,L Hip Sag,4.35167932510376,5.40400505065918,0.8943767547607422
3,NV041,pv_cnn,L Hip Fro,1.7964584827423096,2.325148344039917,0.8289764523506165
3,NV041,pv_cnn,L Hip Tra,6.898486614227295,7.748263359069824,0.422340452671051
3,NV041,pv_cnn,L Knee Sag,4.757439613342285,5.796377182006836,0.8950401544570923
3,NV041,pv_cnn,L Knee Fro,3.5199029445648193,4.49113130569458,0.6386865973472595
3,NV041,pv_cnn,L Knee Tra,6.671189308166504,8.174684524536133,0.014422774314880371
3,NV041,pv_cnn,L Ankle Sag,3.451744556427002,4.516380786895752,0.7618957757949829
3,NV041,pv_cnn,L Ankle Fro,1.153111219406128,1.4850062131881714,-0.5532951354980469
3,NV041,pv_cnn,L Ankle Tra,5.608343601226807,7.013677597045898,-0.692238450050354
3,NV041,pv_cnn,R Hip Sag,2.908482313156128,3.629399061203003,0.9467947483062744
3,NV041,pv_cnn,R Hip Fro,2.616196632385254,2.977513551712036,0.6730649471282959
3,NV041,pv_cnn,R Hip Tra,4.644590377807617,5.514772891998291,0.5218099355697632
3,NV041,pv_cnn,R Knee Sag,5.346127986907959,6.502162456512451,0.86225426197052
3,NV041,pv_cnn,R Knee Fro,4.050053119659424,5.167545318603516,0.4390532374382019
3,NV041,pv_cnn,R Knee Tra,4.93427848815918,5.8935675621032715,-0.29234814643859863
3,NV041,pv_cnn,R Ankle Sag,6.035537242889404,7.546390056610107,0.22893917560577393
3,NV041,pv_cnn,R Ankle Fro,1.2610894441604614,1.7134279012680054,0.24122881889343262
3,NV041,pv_cnn,R Ankle Tra,3.602102518081665,4.548111438751221,0.6379761695861816
4,NV033,timestamp_lstm,L Hip Sag,5.043951511383057,6.49449348449707,0.8578773736953735
4,NV033,timestamp_lstm,L Hip Fro,1.2468154430389404,1.5056416988372803,0.8785197734832764
4,NV033,timestamp_lstm,L Hip Tra,3.0452892780303955,3.662501335144043,0.15210962295532227
4,NV033,timestamp_lstm,L Knee Sag,4.041069030761719,4.931004524230957,0.958221971988678
4,NV033,timestamp_lstm,L Knee Fro,3.598639965057373,5.392053604125977,0.5826385021209717
4,NV033,timestamp_lstm,L Knee Tra,1.9207123517990112,2.472003698348999,0.892781138420105
4,NV033,timestamp_lstm,L Ankle Sag,2.863386631011963,4.047998428344727,0.743484616279602
4,NV033,timestamp_lstm,L Ankle Fro,0.732377290725708,0.8609691858291626,-0.7346228361129761
4,NV033,timestamp_lstm,L Ankle Tra,2.8796472549438477,3.5166256427764893,-0.25159311294555664
4,NV033,timestamp_lstm,R Hip Sag,6.091323375701904,7.348186016082764,0.8059095740318298
4,NV033,timestamp_lstm,R Hip Fro,1.870124101638794,2.462620735168457,0.581484317779541
4,NV033,timestamp_lstm,R Hip Tra,2.3656883239746094,2.84584641456604,0.7277189493179321
4,NV033,timestamp_lstm,R Knee Sag,5.88489294052124,7.404150009155273,0.8997248411178589
4,NV033,timestamp_lstm,R Knee Fro,2.1595983505249023,2.8670783042907715,0.8264802694320679
4,NV033,timestamp_lstm,R Knee Tra,2.1992995738983154,2.71414852142334,0.7176296710968018
4,NV033,timestamp_lstm,R Ankle Sag,3.436976194381714,4.066675662994385,0.6583492159843445
4,NV033,timestamp_lstm,R Ankle Fro,0.4513365924358368,0.5473222732543945,-0.718079686164856
4,NV033,timestamp_lstm,R Ankle Tra,3.4647555351257324,4.0707926750183105,-1.254868507385254
4,NV042,timestamp_lstm,L Hip Sag,2.7861082553863525,3.575360059738159,0.9601532220840454
4,NV042,timestamp_lstm,L Hip Fro,1.7621495723724365,2.14249587059021,0.8865752220153809
4,NV042,timestamp_lstm,L Hip Tra,4.482875347137451,5.966979026794434,0.2783621549606323
4,NV042,timestamp_lstm,L Knee Sag,2.7620904445648193,3.468945026397705,0.9692578315734863
4,NV042,timestamp_lstm,L Knee Fro,3.437464952468872,3.9028754234313965,-1.160905361175537
4,NV042,timestamp_lstm,L Knee Tra,4.757833957672119,5.813695907592773,-0.7608979940414429
4,NV042,timestamp_lstm,L Ankle Sag,1.9548879861831665,2.4799118041992188,0.9341186285018921
4,NV042,timestamp_lstm,L Ankle Fro,0.85329669713974,0.9661962985992432,0.5613729953765869
4,NV042,timestamp_lstm,L Ankle Tra,5.624220848083496,6.034815311431885,0.1589820384979248
4,NV042,timestamp_lstm,R Hip Sag,1.3910388946533203,1.7075306177139282,0.989604115486145
4,NV042,timestamp_lstm,R Hip Fro,1.9892547130584717,2.316293954849243,0.8868228793144226
4,NV042,timestamp_lstm,R Hip Tra,3.2078566551208496,4.141584873199463,0.6616649627685547
4,NV042,timestamp_lstm,R Knee Sag,3.4066693782806396,4.365740776062012,0.9432535171508789
4,NV042,timestamp_lstm,R Knee Fro,3.398183584213257,3.7748727798461914,0.049730896949768066
4,NV042,timestamp_lstm,R Knee Tra,4.31680154800415,5.30065393447876,-0.1127845048904419
4,NV042,timestamp_lstm,R Ankle Sag,2.3987317085266113,3.1063361167907715,0.8634077310562134
4,NV042,timestamp_lstm,R Ankle Fro,0.8678159713745117,0.9922731518745422,0.43345433473587036
4,NV042,timestamp_lstm,R Ankle Tra,2.3735246658325195,2.920301675796509,0.7380677461624146
4,NV033,pv_lstm,L Hip Sag,6.755106449127197,8.598811149597168,0.7508565783500671
4,NV033,pv_lstm,L Hip Fro,1.0550767183303833,1.2628995180130005,0.9145327210426331
4,NV033,pv_lstm,L Hip Tra,2.8244500160217285,3.2422468662261963,0.3355286121368408
4,NV033,pv_lstm,L Knee Sag,5.088091850280762,6.283680438995361,0.9321569204330444
4,NV033,pv_lstm,L Knee Fro,3.2214484214782715,4.484218120574951,0.7113460898399353
4,NV033,pv_lstm,L Knee Tra,2.1332623958587646,2.7280352115631104,0.869421124458313
4,NV033,pv_lstm,L Ankle Sag,4.526167392730713,5.899059772491455,0.4552486538887024
4,NV033,pv_lstm,L Ankle Fro,0.6026574969291687,0.6946398019790649,-0.12914371490478516
4,NV033,pv_lstm,L Ankle Tra,2.3739402294158936,3.0261285305023193,0.0732007622718811
4,NV033,pv_lstm,R Hip Sag,9.491689682006836,10.119388580322266,0.6319113969802856
4,NV033,pv_lstm,R Hip Fro,2.5084052085876465,2.8860154151916504,0.42520374059677124
4,NV033,pv_lstm,R Hip Tra,3.183887243270874,4.0659613609313965,0.444196879863739
4,NV033,pv_lstm,R Knee Sag,4.366866111755371,5.412271976470947,0.9464200735092163
4,NV033,pv_lstm,R Knee Fro,1.8890620470046997,2.156412363052368,0.9018402695655823
4,NV033,pv_lstm,R Knee Tra,1.9014835357666016,2.671292781829834,0.7264764308929443
4,NV033,pv_lstm,R Ankle Sag,3.329481840133667,4.032470703125,0.6640722751617432
4,NV033,pv_lstm,R Ankle Fro,0.5423336625099182,0.6198908686637878,-1.2038779258728027
4,NV033,pv_lstm,R Ankle Tra,5.036060333251953,5.640676975250244,-3.3293795585632324
4,NV042,pv_lstm,L Hip Sag,3.99592924118042,5.499023914337158,0.9057405591011047
4,NV042,pv_lstm,L Hip Fro,2.166642665863037,2.6456363201141357,0.8270469903945923
4,NV042,pv_lstm,L Hip Tra,3.46522855758667,4.821389198303223,0.5288549065589905
4,NV042,pv_lstm,L Knee Sag,3.4555256366729736,4.1795125007629395,0.9553737044334412
4,NV042,pv_lstm,L Knee Fro,3.07102108001709,3.512035369873047,-0.7497826814651489
4,NV042,pv_lstm,L Knee Tra,4.738765239715576,5.62813663482666,-0.6502844095230103
4,NV042,pv_lstm,L Ankle Sag,2.4733898639678955,3.0848350524902344,0.8980578184127808
4,NV042,pv_lstm,L Ankle Fro,0.7893181443214417,0.9386869668960571,0.5859943628311157
4,NV042,pv_lstm,L Ankle Tra,4.92519474029541,5.559167861938477,0.2863309383392334
4,NV042,pv_lstm,R Hip Sag,2.0195696353912354,2.549590826034546,0.976822555065155
4,NV042,pv_lstm,R Hip Fro,2.687757968902588,3.2463667392730713,0.7776862382888794
4,NV042,pv_lstm,R Hip Tra,3.0279979705810547,3.99980092048645,0.6844336986541748
4,NV042,pv_lstm,R Knee Sag,3.1367876529693604,3.934070348739624,0.9539205431938171
4,NV042,pv_lstm,R Knee Fro,3.0101659297943115,3.5352180004119873,0.16655999422073364
4,NV042,pv_lstm,R Knee Tra,4.404628753662109,5.23711633682251,-0.08626723289489746
4,NV042,pv_lstm,R Ankle Sag,1.9913476705551147,2.547804117202759,0.9081114530563354
4,NV042,pv_lstm,R Ankle Fro,0.7926881313323975,0.9481565952301025,0.4827118515968323
4,NV042,pv_lstm,R Ankle Tra,2.255120038986206,2.868664264678955,0.7472488880157471
4,NV033,timestamp_cnn,L Hip Sag,10.139535903930664,11.102314949035645,0.5846638679504395
4,NV033,timestamp_cnn,L Hip Fro,1.2646840810775757,1.5468796491622925,0.8717741966247559
4,NV033,timestamp_cnn,L Hip Tra,4.125033378601074,4.821898937225342,-0.46967172622680664
4,NV033,timestamp_cnn,L Knee Sag,4.257226467132568,5.307387828826904,0.9516007304191589
4,NV033,timestamp_cnn,L Knee Fro,3.460524559020996,4.7341084480285645,0.6782783269882202
4,NV033,timestamp_cnn,L Knee Tra,3.3429014682769775,4.116633415222168,0.7026572227478027
4,NV033,timestamp_cnn,L Ankle Sag,4.090360641479492,5.449685096740723,0.5350828766822815
4,NV033,timestamp_cnn,L Ankle Fro,0.6641259789466858,0.8475333452224731,-0.6809060573577881
4,NV033,timestamp_cnn,L Ankle Tra,3.156942367553711,4.019355773925781,-0.6350226402282715
4,NV033,timestamp_cnn,R Hip Sag,13.80165958404541,14.609942436218262,0.2327430248260498
4,NV033,timestamp_cnn,R Hip Fro,3.0739338397979736,3.432891368865967,0.18672627210617065
4,NV033,timestamp_cnn,R Hip Tra,3.7686965465545654,4.543667316436768,0.3059232831001282
4,NV033,timestamp_cnn,R Knee Sag,7.872788429260254,9.94576644897461,0.8190662860870361
4,NV033,timestamp_cnn,R Knee Fro,2.3781535625457764,3.135897636413574,0.7924161553382874
4,NV033,timestamp_cnn,R Knee Tra,3.5899341106414795,4.318496227264404,0.2851467728614807
4,NV033,timestamp_cnn,R Ankle Sag,3.0409326553344727,3.685102701187134,0.7194549441337585
4,NV033,timestamp_cnn,R Ankle Fro,0.8166120052337646,0.9209638833999634,-3.8645453453063965
4,NV033,timestamp_cnn,R Ankle Tra,5.660377502441406,6.237934589385986,-4.294742584228516
4,NV042,timestamp_cnn,L Hip Sag,2.471738576889038,3.1651384830474854,0.9687723517417908
4,NV042,timestamp_cnn,L Hip Fro,3.155789852142334,3.745462656021118,0.6533598899841309
4,NV042,timestamp_cnn,L Hip Tra,4.272844314575195,5.373425483703613,0.4147886037826538
4,NV042,timestamp_cnn,L Knee Sag,3.2965519428253174,3.9564414024353027,0.9600102305412292
4,NV042,timestamp_cnn,L Knee Fro,3.36631178855896,3.736191749572754,-0.9802712202072144
4,NV042,timestamp_cnn,L Knee Tra,6.86322021484375,8.183622360229492,-2.489158868789673
4,NV042,timestamp_cnn,L Ankle Sag,2.687852144241333,3.9304890632629395,0.8345056772232056
4,NV042,timestamp_cnn,L Ankle Fro,0.9207112193107605,1.2036056518554688,0.3193355202674866
4,NV042,timestamp_cnn,L Ankle Tra,6.837028980255127,7.875420093536377,-0.43226945400238037
4,NV042,timestamp_cnn,R Hip Sag,3.219083309173584,3.8175668716430664,0.9480364918708801
4,NV042,timestamp_cnn,R Hip Fro,3.8298349380493164,4.348292350769043,0.6011508703231812
4,NV042,timestamp_cnn,R Hip Tra,3.4089083671569824,4.3596086502075195,0.625105619430542
4,NV042,timestamp_cnn,R Knee Sag,4.344993591308594,5.272396087646484,0.9172364473342896
4,NV042,timestamp_cnn,R Knee Fro,4.525121212005615,5.30318546295166,-0.8754936456680298
4,NV042,timestamp_cnn,R Knee Tra,4.843870162963867,5.937774658203125,-0.3963671922683716
4,NV042,timestamp_cnn,R Ankle Sag,2.4801948070526123,3.4084105491638184,0.8355503082275391
4,NV042,timestamp_cnn,R Ankle Fro,1.205687165260315,1.3769038915634155,-0.09088683128356934
4,NV042,timestamp_cnn,R Ankle Tra,3.150111436843872,3.979562759399414,0.5135879516601562
4,NV033,pv_cnn,L Hip Sag,9.851348876953125,10.951056480407715,0.5959039926528931
4,NV033,pv_cnn,L Hip Fro,2.4265379905700684,2.931452751159668,0.5395016074180603
4,NV033,pv_cnn,L Hip Tra,5.542503833770752,6.454130172729492,-1.6330528259277344
4,NV033,pv_cnn,L Knee Sag,5.900784492492676,7.745327472686768,0.8969241380691528
4,NV033,pv_cnn,L Knee Fro,4.310226917266846,5.643186092376709,0.5428563356399536
4,NV033,pv_cnn,L Knee Tra,4.16002893447876,5.416961669921875,0.4851453900337219
4,NV033,pv_cnn,L Ankle Sag,4.109982967376709,5.2307515144348145,0.5716873407363892
4,NV033,pv_cnn,L Ankle Fro,0.9013736248016357,1.0368272066116333,-1.5156056880950928
4,NV033,pv_cnn,L Ankle Tra,3.0933332443237305,3.7125630378723145,-0.39494991302490234
4,NV033,pv_cnn,R Hip Sag,14.140438079833984,14.503973007202148,0.24383282661437988
4,NV033,pv_cnn,R Hip Fro,1.5250338315963745,1.875325083732605,0.7573000192642212
4,NV033,pv_cnn,R Hip Tra,3.3469088077545166,3.9955923557281494,0.46326881647109985
4,NV033,pv_cnn,R Knee Sag,8.434688568115234,10.404488563537598,0.8019912242889404
4,NV033,pv_cnn,R Knee Fro,3.0712335109710693,3.39941143989563,0.7560632228851318
4,NV033,pv_cnn,R Knee Tra,3.4031357765197754,4.008938312530518,0.3839576840400696
4,NV033,pv_cnn,R Ankle Sag,2.436638832092285,2.971158027648926,0.817629337310791
4,NV033,pv_cnn,R Ankle Fro,0.4486826956272125,0.5527534484863281,-0.7523465156555176
4,NV033,pv_cnn,R Ankle Tra,4.181405544281006,4.721864223480225,-2.033822774887085
4,NV042,pv_cnn,L Hip Sag,2.9771175384521484,4.117413520812988,0.9471551775932312
4,NV042,pv_cnn,L Hip Fro,1.8959022760391235,2.212679386138916,0.8790224194526672
4,NV042,pv_cnn,L Hip Tra,5.536628723144531,6.632967472076416,0.10828512907028198
4,NV042,pv_cnn,L Knee Sag,4.665280342102051,5.6702561378479,0.9178618788719177
4,NV042,pv_cnn,L Knee Fro,2.074335813522339,2.783919334411621,-0.09946048259735107
4,NV042,pv_cnn,L Knee Tra,7.314232349395752,8.258155822753906,-2.553004264831543
4,NV042,pv_cnn,L Ankle Sag,2.8375701904296875,3.776887893676758,0.8471877574920654
4,NV042,pv_cnn,L Ankle Fro,1.1273722648620605,1.3047115802764893,0.2001773715019226
4,NV042,pv_cnn,L Ankle Tra,7.46652889251709,8.285237312316895,-0.5852112770080566
4,NV042,pv_cnn,R Hip Sag,3.5681018829345703,4.218425750732422,0.9365508556365967
4,NV042,pv_cnn,R Hip Fro,2.555981397628784,3.1392836570739746,0.7921105623245239
4,NV042,pv_cnn,R Hip Tra,4.026870250701904,4.946083068847656,0.5174562335014343
4,NV042,pv_cnn,R Knee Sag,3.7916738986968994,4.6543354988098145,0.9355031847953796
4,NV042,pv_cnn,R Knee Fro,2.4106640815734863,3.2491939067840576,0.2959666848182678
4,NV042,pv_cnn,R Knee Tra,5.69327449798584,6.867532730102539,-0.8679002523422241
4,NV042,pv_cnn,R Ankle Sag,3.615886688232422,5.109281063079834,0.6304707527160645
4,NV042,pv_cnn,R Ankle Fro,1.062314748764038,1.29017174243927,0.04221612215042114
4,NV042,pv_cnn,R Ankle Tra,3.6650476455688477,4.586295127868652,0.3539627194404602
