repeat,subject,model,phase,MAE
0,NV044,timestamp_lstm,Loading Response,4.964259584744771
0,NV044,timestamp_lstm,Mid Stance,4.382875162694189
0,NV044,timestamp_lstm,Terminal Stance,4.730562940239906
0,NV044,timestamp_lstm,Pre- Swing,5.597841418451733
0,NV044,timestamp_lstm,Initial Swing,5.541626716653506
0,NV044,timestamp_lstm,Mid Swing,5.5846456123722925
0,NV044,timestamp_lstm,Terminal Swing,5.813381695085102
0,NV045,timestamp_lstm,Loading Response,3.9003191888332367
0,NV045,timestamp_lstm,Mid Stance,3.141288720899158
0,NV045,timestamp_lstm,Terminal Stance,3.838214615980784
0,NV045,timestamp_lstm,Pre- Swing,6.340397947364384
0,NV045,timestamp_lstm,Initial Swing,4.56382221645779
0,NV045,timestamp_lstm,Mid Swing,4.947170310550266
0,NV045,timestamp_lstm,Terminal Swing,4.469396481911342
0,NV044,pv_lstm,Loading Response,4.603934301270379
0,NV044,pv_lstm,Mid Stance,4.673226041926278
0,NV044,pv_lstm,Terminal Stance,4.558651076422797
0,NV044,pv_lstm,Pre- Swing,4.800485316250059
0,NV044,pv_lstm,Initial Swing,6.322898281945123
0,NV044,pv_lstm,Mid Swing,7.329780767361323
0,NV044,pv_lstm,Terminal Swing,5.852369232310189
0,NV045,pv_lstm,Loading Response,4.2357789642281
0,NV045,pv_lstm,Mid Stance,4.139354583289888
0,NV045,pv_lstm,Terminal Stance,3.6507959498299494
0,NV045,pv_lstm,Pre- Swing,5.914434797234005
0,NV045,pv_lstm,Initial Swing,4.668804493215349
0,NV045,pv_lstm,Mid Swing,4.384139517943065
0,NV045,pv_lstm,Terminal Swing,4.031406127744251
0,NV044,timestamp_cnn,Loading Response,4.869205080800587
0,NV044,timestamp_cnn,Mid Stance,4.498449875248803
0,NV044,timestamp_cnn,Terminal Stance,5.1505548192395105
0,NV044,timestamp_cnn,Pre- Swing,5.363553303811285
0,NV044,timestamp_cnn,Initial Swing,5.443226776189274
0,NV044,timestamp_cnn,Mid Swing,5.083921104669571
0,NV044,timestamp_cnn,Terminal Swing,5.114750901858012
0,NV045,timestamp_cnn,Loading Response,3.5668821500407324
0,NV045,timestamp_cnn,Mid Stance,2.983760886722141
0,NV045,timestamp_cnn,Terminal Stance,4.426799022489124
0,NV045,timestamp_cnn,Pre- Swing,5.662368290954166
0,NV045,timestamp_cnn,Initial Swing,5.15450092819002
0,NV045,timestamp_cnn,Mid Swing,3.919593827592002
0,NV045,timestamp_cnn,Terminal Swing,4.308881286117765
0,NV044,pv_cnn,Loading Response,4.874883234500885
0,NV044,pv_cnn,Mid Stance,4.578449077076382
0,NV044,pv_cnn,Terminal Stance,5.178764204184215
0,NV044,pv_cnn,Pre- Swing,5.379490084118313
0,NV044,pv_cnn,Initial Swing,5.3492282960149975
0,NV044,pv_cnn,Mid Swing,5.603237965040737
0,NV044,pv_cnn,Terminal Swing,5.27361882560783
0,NV045,pv_cnn,Loading Response,3.5828384425905018
0,NV045,pv_cnn,Mid Stance,2.9438505007161035
0,NV045,pv_cnn,Terminal Stance,3.590664608611001
0,NV045,pv_cnn,Pre- Swing,5.564246502187517
0,NV045,pv_cnn,Initial Swing,4.806438432799445
0,NV045,pv_cnn,Mid Swing,4.699614534775416
0,NV045,pv_cnn,Terminal Swing,3.8452505336867437
1,NV031,timestamp_lstm,Loading Response,7.50820263226827
1,NV031,timestamp_lstm,Mid Stance,7.570944964885712
1,NV031,timestamp_lstm,Terminal Stance,9.17569539282057
1,NV031,timestamp_lstm,Pre- Swing,14.400961332850986
1,NV031,timestamp_lstm,Initial Swing,13.535945653915405
1,NV031,timestamp_lstm,Mid Swing,10.986326896482044
1,NV031,timestamp_lstm,Terminal Swing,7.952832288212246
1,NV043,timestamp_lstm,Loading Response,4.540438695086373
1,NV043,timestamp_lstm,Mid Stance,3.9866631113820605
1,NV043,timestamp_lstm,Terminal Stance,5.324319408999549
1,NV043,timestamp_lstm,Pre- Swing,6.41435902317365
1,NV043,timestamp_lstm,Initial Swing,7.020715925428602
1,NV043,timestamp_lstm,Mid Swing,5.678709689113829
1,NV043,timestamp_lstm,Terminal Swing,3.891586128208372
1,NV031,pv_lstm,Loading Response,7.331855707698399
1,NV031,pv_lstm,Mid Stance,7.461043947272831
1,NV031,pv_lstm,Terminal Stance,8.106962929169336
1,NV031,pv_lstm,Pre- Swing,10.845214168230692
1,NV031,pv_lstm,Initial Swing,13.262206226587296
1,NV031,pv_lstm,Mid Swing,11.388256722026401
1,NV031,pv_lstm,Terminal Swing,7.208541790644328
1,NV043,pv_lstm,Loading Response,4.775040156311459
1,NV043,pv_lstm,Mid Stance,3.937964551978641
1,NV043,pv_lstm,Terminal Stance,4.702654196156396
1,NV043,pv_lstm,Pre- Swing,5.458710703584883
1,NV043,pv_lstm,Initial Swing,6.084407760037316
1,NV043,pv_lstm,Mid Swing,5.805820521381166
1,NV043,pv_lstm,Terminal Swing,4.041369595461422
1,NV031,timestamp_cnn,Loading Response,6.665764894750383
1,NV031,timestamp_cnn,Mid Stance,6.743569513161977
1,NV031,timestamp_cnn,Terminal Stance,6.868110865354538
1,NV031,timestamp_cnn,Pre- Swing,10.099724180168575
1,NV031,timestamp_cnn,Initial Swing,10.940990772512224
1,NV031,timestamp_cnn,Mid Swing,10.097877237531874
1,NV031,timestamp_cnn,Terminal Swing,6.593643476565679
1,NV043,timestamp_cnn,Loading Response,4.485540105236901
1,NV043,timestamp_cnn,Mid Stance,3.798517770237393
1,NV043,timestamp_cnn,Terminal Stance,5.133088237709469
1,NV043,timestamp_cnn,Pre- Swing,5.708362917105357
1,NV043,timestamp_cnn,Initial Swing,6.040533516142103
1,NV043,timestamp_cnn,Mid Swing,4.762819717327754
1,NV043,timestamp_cnn,Terminal Swing,2.9078315330876245
1,NV031,pv_cnn,Loading Response,6.307659175660875
1,NV031,pv_cnn,Mid Stance,6.5463313062985735
1,NV031,pv_cnn,Terminal Stance,6.892493181758457
1,NV031,pv_cnn,Pre- Swing,10.286573264333937
1,NV031,pv_cnn,Initial Swing,10.882153318987953
1,NV031,pv_cnn,Mid Swing,10.272929310798645
1,NV031,pv_cnn,Terminal Swing,6.503564748499128
1,NV043,pv_cnn,Loading Response,4.405923846695158
1,NV043,pv_cnn,Mid Stance,4.113064706325531
1,NV043,pv_cnn,Terminal Stance,5.181071115864648
1,NV043,pv_cnn,Pre- Swing,5.643840961986118
1,NV043,pv_cnn,Initial Swing,6.452914966477288
1,NV043,pv_cnn,Mid Swing,5.305840482314427
1,NV043,pv_cnn,Terminal Swing,3.2192869749334125
2,NV036,timestamp_lstm,Loading Response,5.139762916498714
2,NV036,timestamp_lstm,Mid Stance,5.366037027703391
2,NV036,timestamp_lstm,Terminal Stance,5.433157857921389
2,NV036,timestamp_lstm,Pre- Swing,6.37458456804355
2,NV036,timestamp_lstm,Initial Swing,6.514282229873869
2,NV036,timestamp_lstm,Mid Swing,5.081532300346428
2,NV036,timestamp_lstm,Terminal Swing,5.217357789476712
2,NV039,timestamp_lstm,Loading Response,3.9342280162705316
2,NV039,timestamp_lstm,Mid Stance,5.264610992537604
2,NV039,timestamp_lstm,Terminal Stance,5.685786230696572
2,NV039,timestamp_lstm,Pre- Swing,7.640525908933745
2,NV039,timestamp_lstm,Initial Swing,8.042792277203667
2,NV039,timestamp_lstm,Mid Swing,5.905772970782386
2,NV039,timestamp_lstm,Terminal Swing,6.196610146098667
2,NV036,pv_lstm,Loading Response,5.037660549084346
2,NV036,pv_lstm,Mid Stance,4.996389761567116
2,NV036,pv_lstm,Terminal Stance,5.545382764604357
2,NV036,pv_lstm,Pre- Swing,6.318461543983883
2,NV036,pv_lstm,Initial Swing,6.889738957087199
2,NV036,pv_lstm,Mid Swing,5.864379915926191
2,NV036,pv_lstm,Terminal Swing,5.819617705212699
2,NV039,pv_lstm,Loading Response,4.920588586065504
2,NV039,pv_lstm,Mid Stance,4.812791546185811
2,NV039,pv_lstm,Terminal Stance,4.465151415930854
2,NV039,pv_lstm,Pre- Swing,5.933851430813472
2,NV039,pv_lstm,Initial Swing,6.110578682687548
2,NV039,pv_lstm,Mid Swing,6.08042895131641
2,NV039,pv_lstm,Terminal Swing,5.727063205507067
2,NV036,timestamp_cnn,Loading Response,5.564510017633438
2,NV036,timestamp_cnn,Mid Stance,5.266233869724804
2,NV036,timestamp_cnn,Terminal Stance,5.79381145702468
2,NV036,timestamp_cnn,Pre- Swing,6.781799735294448
2,NV036,timestamp_cnn,Initial Swing,7.1855314738220635
2,NV036,timestamp_cnn,Mid Swing,5.54646750787894
2,NV036,timestamp_cnn,Terminal Swing,4.9368397576941385
2,NV039,timestamp_cnn,Loading Response,4.369453231493632
2,NV039,timestamp_cnn,Mid Stance,5.30859014723036
2,NV039,timestamp_cnn,Terminal Stance,4.742568115393321
2,NV039,timestamp_cnn,Pre- Swing,6.119194487730662
2,NV039,timestamp_cnn,Initial Swing,7.063785307937199
2,NV039,timestamp_cnn,Mid Swing,5.084151748153898
2,NV039,timestamp_cnn,Terminal Swing,5.426897552278307
2,NV036,pv_cnn,Loading Response,4.592092343502575
2,NV036,pv_cnn,Mid Stance,4.664353082577388
2,NV036,pv_cnn,Terminal Stance,5.305713398589028
2,NV036,pv_cnn,Pre- Swing,6.536433637142181
2,NV036,pv_cnn,Initial Swing,6.935180501805411
2,NV036,pv_cnn,Mid Swing,4.707974170645078
2,NV036,pv_cnn,Terminal Swing,3.534261694384946
2,NV039,pv_cnn,Loading Response,4.7253439161512585
2,NV039,pv_cnn,Mid Stance,4.978093869156307
2,NV039,pv_cnn,Terminal Stance,5.379390296008852
2,NV039,pv_cnn,Pre- Swing,6.531658376256625
2,NV039,pv_cnn,Initial Swing,6.97735959622595
2,NV039,pv_cnn,Mid Swing,5.72774424817827
2,NV039,pv_cnn,Terminal Swing,5.640458895100488
3,NV033,timestamp_lstm,Loading Response,4.220120873716143
3,NV033,timestamp_lstm,Mid Stance,3.326952235566245
3,NV033,timestamp_lstm,Terminal Stance,4.7787288427352905
3,NV033,timestamp_lstm,Pre- Swing,8.327164891693327
3,NV033,timestamp_lstm,Initial Swing,7.992407010661231
3,NV033,timestamp_lstm,Mid Swing,6.848313232262929
3,NV033,timestamp_lstm,Terminal Swing,4.8455659912692175
3,NV046,timestamp_lstm,Loading Response,3.4704701238208346
3,NV046,timestamp_lstm,Mid Stance,3.4541498819986978
3,NV046,timestamp_lstm,Terminal Stance,3.134705219003889
3,NV046,timestamp_lstm,Pre- Swing,2.7823415630393558
3,NV046,timestamp_lstm,Initial Swing,3.157555447684394
3,NV046,timestamp_lstm,Mid Swing,4.0149434672461615
3,NV046,timestamp_lstm,Terminal Swing,2.8839293155405255
3,NV033,pv_lstm,Loading Response,2.8098646071222095
3,NV033,pv_lstm,Mid Stance,2.996062472462654
3,NV033,pv_lstm,Terminal Stance,3.641724184155464
3,NV033,pv_lstm,Pre- Swing,5.609044015407562
3,NV033,pv_lstm,Initial Swing,7.411055313216315
3,NV033,pv_lstm,Mid Swing,6.856873624854618
3,NV033,pv_lstm,Terminal Swing,4.644403354989158
3,NV046,pv_lstm,Loading Response,3.4868689858251147
3,NV046,pv_lstm,Mid Stance,3.2881150957610874
3,NV046,pv_lstm,Terminal Stance,3.2154998771018453
3,NV046,pv_lstm,Pre- Swing,3.0659016569455466
3,NV046,pv_lstm,Initial Swing,3.188417590326733
3,NV046,pv_lstm,Mid Swing,3.936413755019506
3,NV046,pv_lstm,Terminal Swing,3.6173803508281708
3,NV033,timestamp_cnn,Loading Response,3.5377210776011148
3,NV033,timestamp_cnn,Mid Stance,2.805824829472436
3,NV033,timestamp_cnn,Terminal Stance,3.1288682288593717
3,NV033,timestamp_cnn,Pre- Swing,4.68788907263014
3,NV033,timestamp_cnn,Initial Swing,6.781957026984957
3,NV033,timestamp_cnn,Mid Swing,6.410749869214164
3,NV033,timestamp_cnn,Terminal Swing,4.850075585974587
3,NV046,timestamp_cnn,Loading Response,2.6176540040307574
3,NV046,timestamp_cnn,Mid Stance,2.8505452457401486
3,NV046,timestamp_cnn,Terminal Stance,2.85954459839397
3,NV046,timestamp_cnn,Pre- Swing,2.894258326954312
3,NV046,timestamp_cnn,Initial Swing,2.8626027835739984
3,NV046,timestamp_cnn,Mid Swing,3.1520557643638716
3,NV046,timestamp_cnn,Terminal Swing,2.20495965745714
3,NV033,pv_cnn,Loading Response,3.665345400571823
3,NV033,pv_cnn,Mid Stance,3.5566536254352994
3,NV033,pv_cnn,Terminal Stance,3.253455320994059
3,NV033,pv_cnn,Pre- Swing,4.162031165427631
3,NV033,pv_cnn,Initial Swing,6.828054795662562
3,NV033,pv_cnn,Mid Swing,6.253045500980483
3,NV033,pv_cnn,Terminal Swing,4.40817900829845
3,NV046,pv_cnn,Loading Response,2.5098872979482016
3,NV046,pv_cnn,Mid Stance,2.790256515145302
3,NV046,pv_cnn,Terminal Stance,2.844422838754124
3,NV046,pv_cnn,Pre- Swing,2.813080935014619
3,NV046,pv_cnn,Initial Swing,3.224970799353388
3,NV046,pv_cnn,Mid Swing,2.720979077120622
3,NV046,pv_cnn,Terminal Swing,1.8923708763387468
4,NV038,timestamp_lstm,Loading Response,6.932450678613451
4,NV038,timestamp_lstm,Mid Stance,6.25820251305898
4,NV038,timestamp_lstm,Terminal Stance,7.207830905914307
4,NV038,timestamp_lstm,Pre- Swing,7.7553373376528425
4,NV038,timestamp_lstm,Initial Swing,9.447662913137012
4,NV038,timestamp_lstm,Mid Swing,9.419215887784958
4,NV038,timestamp_lstm,Terminal Swing,8.614231314924028
4,NV042,timestamp_lstm,Loading Response,4.355684697628021
4,NV042,timestamp_lstm,Mid Stance,3.2905087802145214
4,NV042,timestamp_lstm,Terminal Stance,3.5923510127597384
4,NV042,timestamp_lstm,Pre- Swing,5.700859824816386
4,NV042,timestamp_lstm,Initial Swing,4.736274768908818
4,NV042,timestamp_lstm,Mid Swing,3.239104777574539
4,NV042,timestamp_lstm,Terminal Swing,4.463100148571862
4,NV038,pv_lstm,Loading Response,5.841441144545873
4,NV038,pv_lstm,Mid Stance,5.0599282748169365
4,NV038,pv_lstm,Terminal Stance,5.985691391759449
4,NV038,pv_lstm,Pre- Swing,7.28444911705123
4,NV038,pv_lstm,Initial Swing,8.040176805522707
4,NV038,pv_lstm,Mid Swing,7.997594979074266
4,NV038,pv_lstm,Terminal Swing,7.060240775346756
4,NV042,pv_lstm,Loading Response,4.205069677697288
4,NV042,pv_lstm,Mid Stance,3.2461666266123452
4,NV042,pv_lstm,Terminal Stance,3.104342950714959
4,NV042,pv_lstm,Pre- Swing,4.537746591700448
4,NV042,pv_lstm,Initial Swing,5.102680388424131
4,NV042,pv_lstm,Mid Swing,3.964819096856647
4,NV042,pv_lstm,Terminal Swing,4.12817543413904
4,NV038,timestamp_cnn,Loading Response,5.987079984611935
4,NV038,timestamp_cnn,Mid Stance,4.610214398966895
4,NV038,timestamp_cnn,Terminal Stance,4.477357361051771
4,NV038,timestamp_cnn,Pre- Swing,6.041553490691715
4,NV038,timestamp_cnn,Initial Swing,9.680626968542734
4,NV038,timestamp_cnn,Mid Swing,9.35332825448778
4,NV038,timestamp_cnn,Terminal Swing,7.106411125924852
4,NV042,timestamp_cnn,Loading Response,3.859917494985792
4,NV042,timestamp_cnn,Mid Stance,3.107716762357288
4,NV042,timestamp_cnn,Terminal Stance,3.063428113857905
4,NV042,timestamp_cnn,Pre- Swing,4.245603054761887
4,NV042,timestamp_cnn,Initial Swing,5.006895310348934
4,NV042,timestamp_cnn,Mid Swing,3.628617309861713
4,NV042,timestamp_cnn,Terminal Swing,4.525823334852855
4,NV038,pv_cnn,Loading Response,6.6132749484644995
4,NV038,pv_cnn,Mid Stance,5.198519506388241
4,NV038,pv_cnn,Terminal Stance,5.736992668774393
4,NV038,pv_cnn,Pre- Swing,6.71360930469301
4,NV038,pv_cnn,Initial Swing,9.125378224584791
4,NV038,pv_cnn,Mid Swing,8.704286661412981
4,NV038,pv_cnn,Terminal Swing,7.0915594763225975
4,NV042,pv_cnn,Loading Response,3.987674285968145
4,NV042,pv_cnn,Mid Stance,2.980657352341546
4,NV042,pv_cnn,Terminal Stance,3.158822695414225
4,NV042,pv_cnn,Pre- Swing,4.356915129555596
4,NV042,pv_cnn,Initial Swing,4.629179292254978
4,NV042,pv_cnn,Mid Swing,3.521077937550015
4,NV042,pv_cnn,Terminal Swing,4.350583099656635
5,NV037,timestamp_lstm,Loading Response,7.583815273311403
5,NV037,timestamp_lstm,Mid Stance,6.961657696300083
5,NV037,timestamp_lstm,Terminal Stance,6.444975597990884
5,NV037,timestamp_lstm,Pre- Swing,7.584848046302795
5,NV037,timestamp_lstm,Initial Swing,7.702510966195001
5,NV037,timestamp_lstm,Mid Swing,7.362045831150478
5,NV037,timestamp_lstm,Terminal Swing,6.826998733811909
5,NV041,timestamp_lstm,Loading Response,4.3368744187884865
5,NV041,timestamp_lstm,Mid Stance,3.8736906581454806
5,NV041,timestamp_lstm,Terminal Stance,4.371929168701172
5,NV041,timestamp_lstm,Pre- Swing,5.940850694974263
5,NV041,timestamp_lstm,Initial Swing,5.9687240819136305
5,NV041,timestamp_lstm,Mid Swing,4.583696524302165
5,NV041,timestamp_lstm,Terminal Swing,3.4509670403268604
5,NV037,pv_lstm,Loading Response,8.289995816018846
5,NV037,pv_lstm,Mid Stance,7.358901374869877
5,NV037,pv_lstm,Terminal Stance,6.245178235901727
5,NV037,pv_lstm,Pre- Swing,6.790264791912502
5,NV037,pv_lstm,Initial Swing,7.807446327474382
5,NV037,pv_lstm,Mid Swing,8.170612355073294
5,NV037,pv_lstm,Terminal Swing,7.749974972671932
5,NV041,pv_lstm,Loading Response,4.445445855458577
5,NV041,pv_lstm,Mid Stance,4.3432943026224775
5,NV041,pv_lstm,Terminal Stance,4.6488452884886
5,NV041,pv_lstm,Pre- Swing,7.1463647153642444
5,NV041,pv_lstm,Initial Swing,7.356136679649353
5,NV041,pv_lstm,Mid Swing,6.029075158966912
5,NV041,pv_lstm,Terminal Swing,3.8442345129119024
5,NV037,timestamp_cnn,Loading Response,7.991071773899926
5,NV037,timestamp_cnn,Mid Stance,7.212801787588331
5,NV037,timestamp_cnn,Terminal Stance,6.396371563275655
5,NV037,timestamp_cnn,Pre- Swing,7.484124845928616
5,NV037,timestamp_cnn,Initial Swing,8.55334560573101
5,NV037,timestamp_cnn,Mid Swing,9.047588142255941
5,NV037,timestamp_cnn,Terminal Swing,8.363382053044107
5,NV041,timestamp_cnn,Loading Response,3.803756448957655
5,NV041,timestamp_cnn,Mid Stance,3.7129880454805164
5,NV041,timestamp_cnn,Terminal Stance,4.162798583507538
5,NV041,timestamp_cnn,Pre- Swing,5.450574921237098
5,NV041,timestamp_cnn,Initial Swing,5.081830074389775
5,NV041,timestamp_cnn,Mid Swing,4.73303880625301
5,NV041,timestamp_cnn,Terminal Swing,4.191716767019695
5,NV037,pv_cnn,Loading Response,7.280256350835164
5,NV037,pv_cnn,Mid Stance,7.118263890345891
5,NV037,pv_cnn,Terminal Stance,6.069333056608836
5,NV037,pv_cnn,Pre- Swing,7.001935462156932
5,NV037,pv_cnn,Initial Swing,7.287688566578759
5,NV037,pv_cnn,Mid Swing,7.333317504988776
5,NV037,pv_cnn,Terminal Swing,7.694235218895806
5,NV041,pv_cnn,Loading Response,3.637684533993403
5,NV041,pv_cnn,Mid Stance,3.560237020254135
5,NV041,pv_cnn,Terminal Stance,3.831815527545081
5,NV041,pv_cnn,Pre- Swing,5.157204806804657
5,NV041,pv_cnn,Initial Swing,4.7281787892182665
5,NV041,pv_cnn,Mid Swing,4.064422014686796
5,NV041,pv_cnn,Terminal Swing,3.874218477143182
